Filename,Frame,Time (mins),OpCode,Drop,Rig,Region,Island,Lat,Long,Family,Genus,Species,Code,MaxN,Time to bait loss (min),Total deployment time (min),Depth,TapeReader,Comment
BIOT_7097_EGMT_001_RIG6_R_2.MP4,5626,20.847,BIOT_7097_EMGT_001_RIG6,1,RIG6,Egmont,Ile Sudest,06 41.933,71 23.605,Carcharhinidae,Carcharhinus,amblyrhynchos,37018030,4,NA,60,10.1 m,Lauren Peel,RHS Only
BIOT_7097_EGMT_001_RIG6_R_2.MP4,5014,20.5066,BIOT_7097_EMGT_001_RIG6,1,RIG6,Egmont,Ile Sudest,06 41.933,71 23.605,Ginglymostomatidae,Nebrius,ferrugineus,37013010,12,NA,60,10.1 m,Lauren Peel,RHS Only
BIOT_7097_EGMT_002_RIG5_L_1.MP4,26242,14.5935,BIOT_7097_EGMT_002_RIG5,2,RIG5,Egmont,Ile Sudest,06 41.929,71 23.556,Carcharhinidae,Carcharhinus,amblyrhynchos,37018030,5,11.8708,60,8.5 m,Lauren Peel,
BIOT_7097_EGMT_002_RIG5_L_3.MP4,4275,37.8134,BIOT_7097_EGMT_002_RIG5,2,RIG5,Egmont,Ile Sudest,06 41.929,71 23.556,Carcharhinidae,Carcharhinus,melanopterus,37018036,1,11.8708,60,8.5 m,Lauren Peel,
BIOT_7097_EGMT_002_RIG5_L_2.MP4,12270,24.5418,BIOT_7097_EGMT_002_RIG5,2,RIG5,Egmont,Ile Sudest,06 41.929,71 23.556,Ginglymostomatidae,Nebrius,ferrugineus,37013010,1,11.8708,60,8.5 m,Lauren Peel,
BIOT_7097_EGMT_003_RIG4_L_3.MP4,13837,43.1309,BIOT_7097_EGMT_003_RIG4,3,RIG4,Egmont,Ile Sudest,06 41.925,71 23.428,Carcharhinidae,Carcharhinus,amblyrhynchos,37018030,11,NA,60,10.2 m,Lauren Peel,
BIOT_7097_EGMT_004_RIG3_L_2.MP4,22472,30.2152,BIOT_7097_EGMT_004_RIG3,4,RIG3,Egmont,Ile Sudest,06 41.866,71 23.298,Carcharhinidae,Carcharhinus,amblyrhynchos,37018030,5,NA,60,9.9 m,Lauren Peel,
BIOT_7097_EGMT_004_RIG3_L_4.MP4,6404,56.715,BIOT_7097_EGMT_004_RIG3,4,RIG3,Egmont,Ile Sudest,06 41.866,71 23.298,Carcharhinidae,Triaenodon,obesus,37018038,1,NA,60,9.9 m,Lauren Peel,
BIOT_7097_EGMT_005_RIG2_L_2.MP4,21379,29.6074,BIOT_7097_EGMT_005_RIG2,5,RIG2,Egmont,Ile Sudest,06 41.831,71 23.162,Carcharhinidae,Carcharhinus,amblyrhynchos,37018030,7,2.6532,56.6825,10.0 m,Lauren Peel,
BIOT_7097_EGMT_005_RIG2_L_4.MP4,18816,63.6175,BIOT_7097_EGMT_005_RIG2,5,RIG2,Egmont,Ile Sudest,06 41.831,71 23.162,Carcharhinidae,Carcharhinus,melanopterus,37018036,1,2.6532,56.6825,10.0 m,Lauren Peel,
BIOT_7097_EGMT_005_RIG2_L_2.MP4,28436,33.5319,BIOT_7097_EGMT_005_RIG2,5,RIG2,Egmont,Ile Sudest,06 41.831,71 23.162,Carcharhinidae,Triaenodon,obesus,37018038,1,2.6532,56.6825,10.0 m,Lauren Peel,
BIOT_7097_EGMT_005_RIG2_L_4.MP4,29810,69.7314,BIOT_7097_EGMT_005_RIG2,5,RIG2,Egmont,Ile Sudest,06 41.831,71 23.162,Ginglymostomatidae,Nebrius,ferrugineus,37013010,1,2.6532,56.6825,10.0 m,Lauren Peel,
BIOT_7097_PBAN_006_SOUTH_RIG2_R_3.MP4,25713,49.7353,BIOT_7097_PBAN_006_SOUTH_RIG2,6,RIG2,PerosBanhos,Ile Fouquet,05 28.007,71 48.992,Carcharhinidae,Carcharhinus,amblyrhynchos,37018030,5,NA,60,8.0 m,Lauren Peel,RHS Camera
BIOT_7097_PBAN_006_SOUTH_RIG2_R_3.MP4,4382,37.8729,BIOT_7097_PBAN_006_SOUTH_RIG2,6,RIG2,PerosBanhos,Ile Fouquet,05 28.007,71 48.992,Carcharhinidae,Carcharhinus,melanopterus,37018036,1,NA,60,8.0 m,Lauren Peel,RHS Camera
BIOT_7097_PBAN_006_SOUTH_RIG2_R_2.MP4,16238,26.7484,BIOT_7097_PBAN_006_SOUTH_RIG2,6,RIG2,PerosBanhos,Ile Fouquet,05 28.007,71 48.992,Carcharhinidae,Triaenodon,obesus,37018038,2,NA,60,8.0 m,Lauren Peel,RHS Camera
BIOT_7097_PBAN_006_SOUTH_RIG2_R_3.MP4,18895,45.9437,BIOT_7097_PBAN_006_SOUTH_RIG2,6,RIG2,PerosBanhos,Ile Fouquet,05 28.007,71 48.992,Ginglymostomatidae,Nebrius,ferrugineus,37013010,1,NA,60,8.0 m,Lauren Peel,RHS Camera
BIOT_7097_PBAN_008_SOUTH_RIG4_L_4.MP4,955,53.6848,BIOT_7097_PBAN_008_SOUTH_RIG4,8,RIG4,PerosBanhos,Ile Fouquet,05 28.130,71 48.568,Carcharhinidae,Carcharhinus,amblyrhynchos,37018030,3,58.5136,58.6665,11.5 m,Lauren Peel,
BIOT_7097_PBAN_008_SOUTH_RIG4_L_2.MP4,11378,24.0457,BIOT_7097_PBAN_008_SOUTH_RIG4,8,RIG4,PerosBanhos,Ile Fouquet,05 28.130,71 48.568,Carcharhinidae,Carcharhinus,melanopterus,37018036,1,58.5136,58.6665,11.5 m,Lauren Peel,
BIOT_7097_PBAN_008_SOUTH_RIG4_L_1.MP4,30997,17.2378,BIOT_7097_PBAN_008_SOUTH_RIG4,8,RIG4,PerosBanhos,Ile Fouquet,05 28.130,71 48.568,Carcharhinidae,Triaenodon,obesus,37018038,1,58.5136,58.6665,11.5 m,Lauren Peel,
BIOT_7097_PBAN_008_SOUTH_RIG4_L_3.MP4,19057,46.0338,BIOT_7097_PBAN_008_SOUTH_RIG4,8,RIG4,PerosBanhos,Ile Fouquet,05 28.130,71 48.568,Ginglymostomatidae,Nebrius,ferrugineus,37013010,1,58.5136,58.6665,11.5 m,Lauren Peel,
BIOT_7097_PBAN_007_SOUTH_RIG3_L_2.MP4,4116,20.0072,BIOT_7097_PBAN_007_SOUTH_RIG3,7,RIG3,PerosBanhos,Ile Fouquet,05 28.086,71 48.786,Carcharhinidae,Carcharhinus,amblyrhynchos,37018030,2,NA,58.7799,9.9 m,Lauren Peel,
BIOT_7097_PBAN_007_SOUTH_RIG3_L_4.MP4,8234,57.7327,BIOT_7097_PBAN_007_SOUTH_RIG3,7,RIG3,PerosBanhos,Ile Fouquet,05 28.086,71 48.786,Carcharhinidae,Triaenodon,obesus,37018038,1,NA,58.7799,9.9 m,Lauren Peel,
BIOT_7097_PBAN_009_SOUTH_RIG5_L_4.MP4,5054,55.9643,BIOT_7097_PBAN_009_SOUTH_RIG5,9,RIG5,PerosBanhos,Ile Fouquet,05 28.115,71 48.360,Carcharhinidae,Carcharhinus,amblyrhynchos,37018030,3,52.4313,59.8493,10.0 m,Lauren Peel,
BIOT_7097_PBAN_009_SOUTH_RIG5_L_3.MP4,2803,36.9948,BIOT_7097_PBAN_009_SOUTH_RIG5,9,RIG5,PerosBanhos,Ile Fouquet,05 28.115,71 48.360,Carcharhinidae,Triaenodon,obesus,37018038,1,52.4313,59.8493,10.0 m,Lauren Peel,
BIOT_7097_PBAN_009_SOUTH_RIG5_L_4.MP4,822,53.6108,BIOT_7097_PBAN_009_SOUTH_RIG5,9,RIG5,PerosBanhos,Ile Fouquet,05 28.115,71 48.360,Ginglymostomatidae,Nebrius,ferrugineus,37013010,1,52.4313,59.8493,10.0 m,Lauren Peel,
BIOT_7097_PBAN_010_SOUTH_RIG6_L_1.MP4,25482,14.1708,BIOT_7097_PBAN_010_SOUTH_RIG6,10,RIG6,PerosBanhos,Ile Fouquet,05 28.100,71 48.189,Carcharhinidae,Carcharhinus,amblyrhynchos,37018030,2,12.3857,60,10.0 m,Lauren Peel,
BIOT_7097_PBAN_010_SOUTH_RIG6_L_1.MP4,25482,14.1708,BIOT_7097_PBAN_010_SOUTH_RIG6,10,RIG6,PerosBanhos,Ile Fouquet,05 28.100,71 48.189,Carcharhinidae,Carcharhinus,melanopterus,37018036,2,12.3857,60,10.0 m,Lauren Peel,
BIOT_7097_PBAN_010_SOUTH_RIG6_L_2.MP4,16386,26.8307,BIOT_7097_PBAN_010_SOUTH_RIG6,10,RIG6,PerosBanhos,Ile Fouquet,05 28.100,71 48.189,Carcharhinidae,Triaenodon,obesus,37018038,2,12.3857,60,10.0 m,Lauren Peel,
BIOT_7097_PBAN_010_SOUTH_RIG6_L_3.MP4,7976,39.8715,BIOT_7097_PBAN_010_SOUTH_RIG6,10,RIG6,PerosBanhos,Ile Fouquet,05 28.100,71 48.189,Ginglymostomatidae,Nebrius,ferrugineus,37013010,1,12.3857,60,10.0 m,Lauren Peel,
BIOT_7097_PBAN_011_SOUTH_RIG6_L_2.MP4,16028,26.6316,BIOT_7097_PBAN_011_SOUTH_RIG6,11,RIG6,PerosBanhos,Mapou de I'Ile du Coin,05 28.041,71 47.633,Carcharhinidae,Carcharhinus,amblyrhynchos,37018030,3,22.9585,60,9.2 m,Lauren Peel,
BIOT_7097_PBAN_011_SOUTH_RIG6_L_1.MP4,16086,8.9456,BIOT_7097_PBAN_011_SOUTH_RIG6,11,RIG6,PerosBanhos,Mapou de I'Ile du Coin,05 28.041,71 47.633,Carcharhinidae,Triaenodon,obesus,37018038,1,22.9585,60,9.2 m,Lauren Peel,
BIOT_7097_PBAN_012_SOUTH_RIG5_L_4.MP4,10371,58.9211,BIOT_7097_PBAN_012_SOUTH_RIG5,12,RIG5,PerosBanhos,Mapou de I'Ile du Coin,,,Carcharhinidae,Carcharhinus,amblyrhynchos,37018030,3,NA,60,8.8 m,Lauren Peel,
BIOT_7097_PBAN_013_SOUTH_RIG4_R_1.MP4,20730,11.5282,BIOT_7097_PBAN_013_SOUTH_RIG4,13,RIG4,PerosBanhos,Mapou de I'Ile du Coin,05 27.933,71 47.322,Carcharhinidae,Carcharhinus,amblyrhynchos,37018030,1,NA,60,8.5 m,Lauren Peel,RHS Camera
BIOT_7097_PBAN_013_SOUTH_RIG4_R_3.MP4,26679,50.2725,BIOT_7097_PBAN_013_SOUTH_RIG4,13,RIG4,PerosBanhos,Mapou de I'Ile du Coin,05 27.933,71 47.322,Ginglymostomatidae,Nebrius,ferrugineus,37013010,1,NA,60,8.5 m,Lauren Peel,RHS Camera
BIOT_7097_PBAN_014_SOUTH_RIG3_L_1.MP4,30662,17.0515,BIOT_7097_PBAN_014_SOUTH_RIG3,14,RIG3,PerosBanhos,Mapou de I'Ile du Coin,05 27.869,71 47.169,Ginglymostomatidae,Nebrius,ferrugineus,37013010,3,13.454,60,8.4 m,Lauren Peel,
BIOT_7097_PBAN_015_SOUTH_RIG2_L_4.MP4,4239,55.5111,BIOT_7097_PBAN_015_SOUTH_RIG2,15,RIG2,PerosBanhos,Mapou de I'Ile du Coin,05 27.818,71 47.010,Carcharhinidae,Carcharhinus,amblyrhynchos,37018030,3,NA,60,8.6 m,Lauren Peel,
BIOT_7097_PBAN_015_SOUTH_RIG2_L_2.MP4,26277,32.3312,BIOT_7097_PBAN_015_SOUTH_RIG2,15,RIG2,PerosBanhos,Mapou de I'Ile du Coin,05 27.818,71 47.010,Carcharhinidae,Carcharhinus,melanopterus,37018036,1,NA,60,8.6 m,Lauren Peel,
BIOT_7097_PBAN_015_SOUTH_RIG2_L_2.MP4,29594,34.1758,BIOT_7097_PBAN_015_SOUTH_RIG2,15,RIG2,PerosBanhos,Mapou de I'Ile du Coin,05 27.818,71 47.010,Carcharhinidae,Triaenodon,obesus,37018038,1,NA,60,8.6 m,Lauren Peel,
BIOT_7097_PBAN_015_SOUTH_RIG2_L_3.MP4,23705,48.6186,BIOT_7097_PBAN_015_SOUTH_RIG2,15,RIG2,PerosBanhos,Mapou de I'Ile du Coin,05 27.818,71 47.010,Ginglymostomatidae,Nebrius,ferrugineus,37013010,1,NA,60,8.6 m,Lauren Peel,
BIOT_7097_PBAN_016_SOUTH_RIG2_L_2.MP4,9549,23.0286,BIOT_7097_PBAN_016_SOUTH_RIG2,16,RIG2,PerosBanhos,Ile du Coin,05 27.685,71 46.360,Carcharhinidae,Carcharhinus,amblyrhynchos,37018030,1,NA,57.0921,8.4 m,Lauren Peel,BRUV facing down towards seabed
BIOT_7097_PBAN_016_SOUTH_RIG2_L_2.MP4,6340,21.244,BIOT_7097_PBAN_016_SOUTH_RIG2,16,RIG2,PerosBanhos,Ile du Coin,05 27.685,71 46.360,Carcharhinidae,Triaenodon,obesus,37018038,1,NA,57.0921,8.4 m,Lauren Peel,BRUV facing down towards seabed
BIOT_7097_PBAN_017_SOUTH_RIG3_L_2.MP4,27935,33.2533,BIOT_7097_PBAN_017_SOUTH_RIG3,17,RIG3,PerosBanhos,Ile du Coin,05 27.637,71 46.246,Carcharhinidae,Carcharhinus,amblyrhynchos,37018030,2,NA,60,8.5 m,Lauren Peel,
BIOT_7097_PBAN_019_SOUTH_RIG5_L_2.MP4,14018,25.5138,BIOT_7097_PBAN_019_SOUTH_RIG5,19,RIG5,PerosBanhos,Ile du Coin,05 27.555,71 46.009,Carcharhinidae,Carcharhinus,amblyrhynchos,37018030,2,NA,60,8.4 m,Lauren Peel,Current measurements completed with RIG5 CAM files
BIOT_7097_PBAN_019_SOUTH_RIG5_L_2.MP4,28947,33.816,BIOT_7097_PBAN_019_SOUTH_RIG5,19,RIG5,PerosBanhos,Ile du Coin,05 27.555,71 46.009,Carcharhinidae,Carcharhinus,melanopterus,37018036,1,NA,60,8.4 m,Lauren Peel,Current measurements completed with RIG5 CAM files
BIOT_7097_PBAN_020_SOUTH_RIG6_L_3.MP4,21556,47.4235,BIOT_7097_PBAN_020_SOUTH_RIG6,20,RIG6,PerosBanhos,Ile du Coin,05 27.520,71 45.915,Carcharhinidae,Carcharhinus,amblyrhynchos,37018030,1,43.4779,60,7.2 m,Lauren Peel,
BIOT_7097_PBAN_020_SOUTH_RIG6_L_2.MP4,22880,30.4421,BIOT_7097_PBAN_020_SOUTH_RIG6,20,RIG6,PerosBanhos,Ile du Coin,05 27.520,71 45.915,Ginglymostomatidae,Nebrius,ferrugineus,37013010,1,43.4779,60,7.2 m,Lauren Peel,
BIOT_7097_PBAN_021_EAST_RIG2_L_1.MP4,30257,16.8263,BIOT_7097_PBAN_021_EAST_RIG2,21,RIG2,PerosBanhos,North of Petite Ile Coquillage,05 19.530,71 58.300,Carcharhinidae,Carcharhinus,albimarginatus,37018027,1,25.4855,60,8.8 m,Lauren Peel,
BIOT_7097_PBAN_021_EAST_RIG2_L_2.MP4,26907,32.6816,BIOT_7097_PBAN_021_EAST_RIG2,21,RIG2,PerosBanhos,North of Petite Ile Coquillage,05 19.530,71 58.300,Carcharhinidae,Carcharhinus,amblyrhynchos,37018030,2,25.4855,60,8.8 m,Lauren Peel,
BIOT_7097_PBAN_021_EAST_RIG2_L_1.MP4,16152,8.9823,BIOT_7097_PBAN_021_EAST_RIG2,21,RIG2,PerosBanhos,North of Petite Ile Coquillage,05 19.530,71 58.300,Carcharhinidae,Triaenodon,obesus,37018038,1,25.4855,60,8.8 m,Lauren Peel,
BIOT_7097_PBAN_021_EAST_RIG2_L_2.MP4,20731,29.247,BIOT_7097_PBAN_021_EAST_RIG2,21,RIG2,PerosBanhos,North of Petite Ile Coquillage,05 19.530,71 58.300,Ginglymostomatidae,Nebrius,ferrugineus,37013010,2,25.4855,60,8.8 m,Lauren Peel,
BIOT_7097_PBAN_022_EAST_RIG3_L_3.MP4,9197,40.5506,BIOT_7097_PBAN_022_EAST_RIG3,22,RIG3,PerosBanhos,North of Petite Ile Coquillage,05 19.363,71 58.276,Carcharhinidae,Carcharhinus,amblyrhynchos,37018030,2,NA,60,7.0 m,Lauren Peel,
BIOT_7097_PBAN_022_EAST_RIG3_L_4.MP4,13890,60.8781,BIOT_7097_PBAN_022_EAST_RIG3,22,RIG3,PerosBanhos,North of Petite Ile Coquillage,05 19.363,71 58.276,Ginglymostomatidae,Nebrius,ferrugineus,37013010,1,NA,60,7.0 m,Lauren Peel,
BIOT_7097_PBAN_024_EAST_RIG5_L_2.MP4,705,18.1103,BIOT_7097_PBAN_024_EAST_RIG5,24,RIG5,PerosBanhos,North of Petite Ile Coquillage,05 18.891,71 58.398,Carcharhinidae,Carcharhinus,amblyrhynchos,37018030,1,NA,60,7.0 m,Lauren Peel,
BIOT_7097_PBAN_026_EAST_RIG6_L_3.MP4,22392,47.8884,BIOT_7097_PBAN_026_EAST_RIG6,26,RIG6,PerosBanhos,North of Petite Ile Coquillage,05 18.544,71 58.586,Carcharhinidae,Carcharhinus,amblyrhynchos,37018030,4,43.5797,60,7.2 m,Lauren Peel,BRUV facing slightly upwards
BIOT_7097_PBAN_026_EAST_RIG6_L_3.MP4,15872,44.2626,BIOT_7097_PBAN_026_EAST_RIG6,26,RIG6,PerosBanhos,North of Petite Ile Coquillage,05 18.544,71 58.586,Carcharhinidae,Carcharhinus,melanopterus,37018036,1,43.5797,60,7.2 m,Lauren Peel,BRUV facing slightly upwards
BIOT_7097_PBAN_026_EAST_RIG6_L_1.MP4,24929,13.8633,BIOT_7097_PBAN_026_EAST_RIG6,26,RIG6,PerosBanhos,North of Petite Ile Coquillage,05 18.544,71 58.586,Carcharhinidae,Triaenodon,obesus,37018038,1,43.5797,60,7.2 m,Lauren Peel,BRUV facing slightly upwards
BIOT_7097_PBAN_026_EAST_RIG6_L_3.MP4,27623,50.7975,BIOT_7097_PBAN_026_EAST_RIG6,26,RIG6,PerosBanhos,North of Petite Ile Coquillage,05 18.544,71 58.586,Ginglymostomatidae,Nebrius,ferrugineus,37013010,1,43.5797,60,7.2 m,Lauren Peel,BRUV facing slightly upwards
BIOT_7097_PBAN_027_EAST_RIG5_L_4.MP4,8521,57.8923,BIOT_7097_PBAN_027_EAST_RIG5,27,RIG5,PerosBanhos,North of Petite Ile Coquillage,05 18.375,71 58.656,Carcharhinidae,Carcharhinus,amblyrhynchos,37018030,2,NA,60,7.0 m,Lauren Peel,
BIOT_7097_PBAN_027_EAST_RIG5_L_4.MP4,14630,61.2896,BIOT_7097_PBAN_027_EAST_RIG5,27,RIG5,PerosBanhos,North of Petite Ile Coquillage,05 18.375,71 58.656,Carcharhinidae,Triaenodon,obesus,37018038,1,NA,60,7.0 m,Lauren Peel,
BIOT_7097_PBAN_027_EAST_RIG5_L_4.MP4,1733,54.1175,BIOT_7097_PBAN_027_EAST_RIG5,27,RIG5,PerosBanhos,North of Petite Ile Coquillage,05 18.375,71 58.656,Ginglymostomatidae,Nebrius,ferrugineus,37013010,1,NA,60,7.0 m,Lauren Peel,
BIOT_7097_PBAN_028_EAST_RIG4_L_3.MP4,2361,36.749,BIOT_7097_PBAN_028_EAST_RIG4,28,RIG4,PerosBanhos,North of Petite Ile Coquillage,05 18.189,71 58.722,Carcharhinidae,Carcharhinus,amblyrhynchos,37018030,1,6.962,60,9.4 m,Lauren Peel,
BIOT_7097_PBAN_028_EAST_RIG4_L_1.MP4,27255,15.1568,BIOT_7097_PBAN_028_EAST_RIG4,28,RIG4,PerosBanhos,North of Petite Ile Coquillage,05 18.189,71 58.722,Ginglymostomatidae,Nebrius,ferrugineus,37013010,1,6.962,60,9.4 m,Lauren Peel,
BIOT_7097_PBAN_029_EAST_RIG3_L_4.MP4,16327,62.2333,BIOT_7097_PBAN_029_EAST_RIG3,29,RIG3,PerosBanhos,North of Petite Ile Coquillage,05 18.010,71 58.594,Carcharhinidae,Carcharhinus,amblyrhynchos,37018030,4,NA,60,6.1 m,Lauren Peel,
BIOT_7097_PBAN_029_EAST_RIG3_L_3.MP4,30848,52.5909,BIOT_7097_PBAN_029_EAST_RIG3,29,RIG3,PerosBanhos,North of Petite Ile Coquillage,05 18.010,71 58.594,Carcharhinidae,Carcharhinus,melanopterus,37018036,1,NA,60,6.1 m,Lauren Peel,
BIOT_7097_PBAN_029_EAST_RIG3_L_4.MP4,15994,62.0482,BIOT_7097_PBAN_029_EAST_RIG3,29,RIG3,PerosBanhos,North of Petite Ile Coquillage,05 18.010,71 58.594,Carcharhinidae,Triaenodon,obesus,37018038,1,NA,60,6.1 m,Lauren Peel,
BIOT_7097_PBAN_030_EAST_RIG2_L_4.MP4,16118,62.1171,BIOT_7097_PBAN_030_EAST_RIG2,30,RIG2,PerosBanhos,North of Petite Ile Coquillage,05 17.842,71 58.503,Carcharhinidae,Carcharhinus,amblyrhynchos,37018030,1,NA,60,7.4 m,Lauren Peel,
BIOT_7097_PBAN_030_EAST_RIG2_L_3.MP4,18889,45.9404,BIOT_7097_PBAN_030_EAST_RIG2,30,RIG2,PerosBanhos,North of Petite Ile Coquillage,05 17.842,71 58.503,Carcharhinidae,Triaenodon,obesus,37018038,1,NA,60,7.4 m,Lauren Peel,
BIOT_7097_PBAN_031_EAST_RIG2_L_1.MP4,18788,10.4482,BIOT_7097_PBAN_031_EAST_RIG2,31,RIG2,PerosBanhos,South of Ile Yeye,05 16.998,71 58.479,Carcharhinidae,Carcharhinus,amblyrhynchos,37018030,1,5.8965,57.5481,7.0 m,Lauren Peel,
BIOT_7097_PBAN_031_EAST_RIG2_L_1.MP4,20680,11.5004,BIOT_7097_PBAN_031_EAST_RIG2,31,RIG2,PerosBanhos,South of Ile Yeye,05 16.998,71 58.479,Ginglymostomatidae,Nebrius,ferrugineus,37013010,1,5.8965,57.5481,7.0 m,Lauren Peel,
BIOT_7097_PBAN_032_EAST_RIG3_L_1.MP4,23289,12.9513,BIOT_7097_PBAN_032_EAST_RIG3,32,RIG3,PerosBanhos,South of Ile Yeye,05 16.813,71 58.448,Carcharhinidae,Triaenodon,obesus,37018038,1,23.2193,60,6.6 m,Lauren Peel,
BIOT_7097_PBAN_032_EAST_RIG3_L_3.MP4,2907,37.0526,BIOT_7097_PBAN_032_EAST_RIG3,32,RIG3,PerosBanhos,South of Ile Yeye,05 16.813,71 58.448,Ginglymostomatidae,Nebrius,ferrugineus,37013010,1,23.2193,60,6.6 m,Lauren Peel,
BIOT_7097_PBAN_034_EAST_RIG5_L_4.MP4,14502,61.2184,BIOT_7097_PBAN_034_EAST_RIG5,34,RIG5,PerosBanhos,South of Ile Yeye,05 16.372,71 58.452,Carcharhinidae,Carcharhinus,amblyrhynchos,37018030,1,NA,60,6.6 m,Lauren Peel,
BIOT_7097_SALO_036_BOD_RIG6_L_3.MP4,24308,48.954,BIOT_7097_SALO_036_BOD_RIG6,36,RIG6,Salomon,Ile Boddam,05 21.059,72 11.889,Carcharhinidae,Carcharhinus,amblyrhynchos,37018030,5,43.5785,60,6.8 m,Lauren Peel,
BIOT_7097_SALO_036_BOD_RIG6_L_1.MP4,19678,10.9432,BIOT_7097_SALO_036_BOD_RIG6,36,RIG6,Salomon,Ile Boddam,05 21.059,72 11.889,Carcharhinidae,Triaenodon,obesus,37018038,1,43.5785,60,6.8 m,Lauren Peel,
BIOT_7097_SALO_036_BOD_RIG6_L_4.MP4,8532,57.8985,BIOT_7097_SALO_036_BOD_RIG6,36,RIG6,Salomon,Ile Boddam,05 21.059,72 11.889,Ginglymostomatidae,Nebrius,ferrugineus,37013010,3,43.5785,60,6.8 m,Lauren Peel,
BIOT_7097_SALO_037_BOD_RIG5_L_1.MP4,21131,11.7512,BIOT_7097_SALO_037_BOD_RIG5,37,RIG5,Salomon,Ile Boddam,05 21.220,72 11.931,Carcharhinidae,Carcharhinus,amblyrhynchos,37018030,2,31.1534,60,8.0 m,Lauren Peel,
BIOT_7097_SALO_037_BOD_RIG5_L_3.MP4,512,35.7207,BIOT_7097_SALO_037_BOD_RIG5,37,RIG5,Salomon,Ile Boddam,05 21.220,72 11.931,Ginglymostomatidae,Nebrius,ferrugineus,37013010,1,31.1534,60,8.0 m,Lauren Peel,
BIOT_7097_SALO_038_BOD_RIG4_L_2.MP4,18653,28.0914,BIOT_7097_SALO_038_BOD_RIG4,38,RIG4,Salomon,Ile Boddam,05 21.398,72 12.098,Carcharhinidae,Carcharhinus,amblyrhynchos,37018030,3,NA,60,7.5 m,Lauren Peel,
BIOT_7097_SALO_038_BOD_RIG4_L_4.MP4,10916,59.2242,BIOT_7097_SALO_038_BOD_RIG4,38,RIG4,Salomon,Ile Boddam,05 21.398,72 12.098,Carcharhinidae,Carcharhinus,melanopterus,37018036,1,NA,60,7.5 m,Lauren Peel,
BIOT_7097_SALO_038_BOD_RIG4_L_2.MP4,62,17.7528,BIOT_7097_SALO_038_BOD_RIG4,38,RIG4,Salomon,Ile Boddam,05 21.398,72 12.098,Carcharhinidae,Triaenodon,obesus,37018038,1,NA,60,7.5 m,Lauren Peel,
BIOT_7097_SALO_039_BOD_RIG3_L_3.MP4,5557,38.5263,BIOT_7097_SALO_039_BOD_RIG3,39,RIG3,Salomon,Ile Boddam,05 21.616,72 12.106,Carcharhinidae,Carcharhinus,amblyrhynchos,37018030,4,NA,60,8.6 m,Lauren Peel,
BIOT_7097_SALO_039_BOD_RIG3_L_3.MP4,28590,51.3352,BIOT_7097_SALO_039_BOD_RIG3,39,RIG3,Salomon,Ile Boddam,05 21.616,72 12.106,Carcharhinidae,Carcharhinus,melanopterus,37018036,1,NA,60,8.6 m,Lauren Peel,
BIOT_7097_SALO_039_BOD_RIG3_L_2.MP4,6634,21.4075,BIOT_7097_SALO_039_BOD_RIG3,39,RIG3,Salomon,Ile Boddam,05 21.616,72 12.106,Carcharhinidae,Triaenodon,obesus,37018038,1,NA,60,8.6 m,Lauren Peel,
BIOT_7097_SALO_040_BOD_RIG2_L_2.MP4,30053,34.4311,BIOT_7097_SALO_040_BOD_RIG2,40,RIG2,Salomon,Ile Boddam,05 21.789,72 12.176,Carcharhinidae,Carcharhinus,amblyrhynchos,37018030,3,41.6828,60,8.0 m,Lauren Peel,
BIOT_7097_SALO_040_BOD_RIG2_L_4.MP4,10996,59.2687,BIOT_7097_SALO_040_BOD_RIG2,40,RIG2,Salomon,Ile Boddam,05 21.789,72 12.176,Carcharhinidae,Triaenodon,obesus,37018038,1,41.6828,60,8.0 m,Lauren Peel,
BIOT_7097_SALO_040_BOD_RIG2_L_3.MP4,18456,45.6996,BIOT_7097_SALO_040_BOD_RIG2,40,RIG2,Salomon,Ile Boddam,05 21.789,72 12.176,Ginglymostomatidae,Nebrius,ferrugineus,37013010,1,41.6828,60,8.0 m,Lauren Peel,
BIOT_7097_SALO_041_ANG_RIG2_L_2.MP4,26821,32.6337,BIOT_7097_SALO_041_ANG_RIG2,41,RIG2,Salomon,Ile Anglaise,05 20.250,72 12.860,Carcharhinidae,Carcharhinus,amblyrhynchos,37018030,7,NA,58.4568,8.0 m,Lauren Peel,
BIOT_7097_SALO_041_ANG_RIG2_L_2.MP4,12489,24.6636,BIOT_7097_SALO_041_ANG_RIG2,41,RIG2,Salomon,Ile Anglaise,05 20.250,72 12.860,Carcharhinidae,Carcharhinus,melanopterus,37018036,2,NA,58.4568,8.0 m,Lauren Peel,
BIOT_7097_SALO_043_ANG_RIG4_L_2.MP4,304,17.8873,BIOT_7097_SALO_043_ANG_RIG4,43,RIG4,Salomon,Ile Anglaise,05 19.948,72 13.088,Carcharhinidae,Carcharhinus,amblyrhynchos,37018030,1,NA,59.6118,6.5 m,Lauren Peel,
BIOT_7097_SALO_044_ANG_RIG5_L_2.MP4,24608,13.6848,BIOT_7097_SALO_044_ANG_RIG5,44,RIG5,Salomon,Ile Anglaise,05 19.787,72 13.168,Carcharhinidae,Carcharhinus,amblyrhynchos,37018030,1,NA,60,6.1 m,Lauren Peel,
BIOT_7097_SALO_044_ANG_RIG5_L_3.MP4,4790,20.382,BIOT_7097_SALO_044_ANG_RIG5,44,RIG5,Salomon,Ile Anglaise,05 19.787,72 13.168,Carcharhinidae,Carcharhinus,melanopterus,37018036,1,NA,60,6.1 m,Lauren Peel,
BIOT_7097_SALO_044_ANG_RIG5_L_4.MP4,24544,49.0852,BIOT_7097_SALO_044_ANG_RIG5,44,RIG5,Salomon,Ile Anglaise,05 19.787,72 13.168,Carcharhinidae,Triaenodon,obesus,37018038,1,NA,60,6.1 m,Lauren Peel,
BIOT_7097_SALO_045_ANG_RIG6_L_4.MP4,15144,43.8577,BIOT_7097_SALO_045_ANG_RIG6,45,RIG6,Salomon,Ile Anglaise,05 19.611,72 13.204,Carcharhinidae,Carcharhinus,amblyrhynchos,37018030,2,NA,60,6.4 m,Lauren Peel,
BIOT_7097_PBAN_033_EAST_RIG4_R_4.MP4,5296,56.0989,BIOT_7097_PBAN_033_EAST_RIG4,33,RIG4,PerosBanhos,South of Ile Yeye,05 16.609,71 58.466,Carcharhinidae,Carcharhinus,amblyrhynchos,37018030,2,NA,60,6.9 m,Lauren Peel,
BIOT_7097_PBAN_033_EAST_RIG4_R_4.MP4,5956,56.4659,BIOT_7097_PBAN_033_EAST_RIG4,33,RIG4,PerosBanhos,South of Ile Yeye,05 16.609,71 58.466,Carcharhinidae,Carcharhinus,melanopterus,37018036,1,NA,60,6.9 m,Lauren Peel,
BIOT_7097_PBAN_033_EAST_RIG4_R_3.MP4,6689,39.1558,BIOT_7097_PBAN_033_EAST_RIG4,33,RIG4,PerosBanhos,South of Ile Yeye,05 16.609,71 58.466,Carcharhinidae,Triaenodon,obesus,37018038,1,NA,60,6.9 m,Lauren Peel,
BIOT_7097_PBAN_033_EAST_RIG4_R_4.MP4,14734,61.3475,BIOT_7097_PBAN_033_EAST_RIG4,33,RIG4,PerosBanhos,South of Ile Yeye,05 16.609,71 58.466,Ginglymostomatidae,Nebrius,ferrugineus,37013010,1,NA,60,6.9 m,Lauren Peel,
BIOT_7097_SALO_048_MAP_RIG4_L_2.MP4,7434,21.8524,BIOT_7097_SALO_048_MAP_RIG4,48,RIG4,Salomon,Ile de la Passe to Ile Mapou,05 18.272,72 15.707,Carcharhinidae,Carcharhinus,melanopterus,37018036,2,16.8624,60,4.5 m,Lauren Peel,
BIOT_7097_SALO_048_MAP_RIG4_L_2.MP4,23160,30.5978,BIOT_7097_SALO_048_MAP_RIG4,48,RIG4,Salomon,Ile de la Passe to Ile Mapou,05 18.272,72 15.707,Ginglymostomatidae,Nebrius,ferrugineus,37013010,1,16.8624,60,4.5 m,Lauren Peel,
BIOT_7097_SALO_049_MAP_RIG3_R_4.MP4,4153,55.4632,BIOT_7097_SALO_0419_MAP_RIG3,49,RIG3,Salomon,Ile de la Passe to Ile Mapou,05 18.405,72 15.892,Carcharhinidae,Carcharhinus,amblyrhynchos,37018030,2,33.6965,60,5.3 m,Lauren Peel,Analysed RHS
BIOT_7097_SALO_049_MAP_RIG3_R_2.MP4,25221,31.744,BIOT_7097_SALO_0419_MAP_RIG3,49,RIG3,Salomon,Ile de la Passe to Ile Mapou,05 18.405,72 15.892,Carcharhinidae,Carcharhinus,melanopterus,37018036,1,33.6965,60,5.3 m,Lauren Peel,Analysed RHS
BIOT_7097_SALO_049_MAP_RIG3_R_3.MP4,16185,44.4367,BIOT_7097_SALO_0419_MAP_RIG3,49,RIG3,Salomon,Ile de la Passe to Ile Mapou,05 18.405,72 15.892,Carcharhinidae,Triaenodon,obesus,37018038,1,33.6965,60,5.3 m,Lauren Peel,Analysed RHS
BIOT_7097_SALO_049_MAP_RIG3_R_3.MP4,17260,45.0345,BIOT_7097_SALO_0419_MAP_RIG3,49,RIG3,Salomon,Ile de la Passe to Ile Mapou,05 18.405,72 15.892,Ginglymostomatidae,Nebrius,ferrugineus,37013010,1,33.6965,60,5.3 m,Lauren Peel,Analysed RHS
BIOT_7097_SALO_046_MAP_RIG6_L_2.MP4,13520,25.2369,BIOT_7097_SALO_046_MAP_RIG6,46,RIG6,Salomon,Ile de la Passe to Ile Mapou,05 17.961,72 15.445,Carcharhinidae,Carcharhinus,amblyrhynchos,37018030,3,3.8122,60,6.3 m,Lauren Peel,
BIOT_7097_SALO_046_MAP_RIG6_L_2.MP4,16304,26.7851,BIOT_7097_SALO_046_MAP_RIG6,46,RIG6,Salomon,Ile de la Passe to Ile Mapou,05 17.961,72 15.445,Carcharhinidae,Triaenodon,obesus,37018038,1,3.8122,60,6.3 m,Lauren Peel,
BIOT_7097_SALO_046_MAP_RIG6_L_2.MP4,1305,18.444,BIOT_7097_SALO_046_MAP_RIG6,46,RIG6,Salomon,Ile de la Passe to Ile Mapou,05 17.961,72 15.445,Ginglymostomatidae,Nebrius,ferrugineus,37013010,1,3.8122,60,6.3 m,Lauren Peel,
BIOT_7097_SALO_047_MAP_RIG5_L_1.MP4,25266,14.0507,BIOT_7097_SALO_047_MAP_RIG5,47,RIG5,Salomon,Ile de la Passe to Ile Mapou,05 18.144,72 15.564,Carcharhinidae,Carcharhinus,amblyrhynchos,37018030,3,NA,60,6.1 m,Lauren Peel,
BIOT_7097_SALO_047_MAP_RIG5_L_2.MP4,6540,21.3552,BIOT_7097_SALO_047_MAP_RIG5,47,RIG5,Salomon,Ile de la Passe to Ile Mapou,05 18.144,72 15.564,Carcharhinidae,Carcharhinus,melanopterus,37018036,1,NA,60,6.1 m,Lauren Peel,
BIOT_7097_SALO_050_MAP_RIG2_L_2.MP4,1541,18.5752,BIOT_7097_SALO_050_MAP_RIG2,50,RIG2,Salomon,Ile de la Passe to Ile Mapou,05 18.530,72 16.055,Carcharhinidae,Carcharhinus,amblyrhynchos,37018030,9,11.5398,60,7.7 m,Lauren Peel,
BIOT_7097_SALO_050_MAP_RIG2_L_2.MP4,25160,31.71,BIOT_7097_SALO_050_MAP_RIG2,50,RIG2,Salomon,Ile de la Passe to Ile Mapou,05 18.530,72 16.055,Carcharhinidae,Triaenodon,obesus,37018038,1,11.5398,60,7.7 m,Lauren Peel,
BIOT_7097_SALO_050_MAP_RIG2_L_2.MP4,5081,20.5439,BIOT_7097_SALO_050_MAP_RIG2,50,RIG2,Salomon,Ile de la Passe to Ile Mapou,05 18.530,72 16.055,Ginglymostomatidae,Nebrius,ferrugineus,37013010,2,11.5398,60,7.7 m,Lauren Peel,
BIOT_7097_NELS_051_RIG2_L_4.MP4,868,53.6364,BIOT_7097_NELS_051_RIG2,51,RIG2,Nelson's Island,East of Nelson's Island,05 40.843,72 20.072,Carcharhinidae,Carcharhinus,amblyrhynchos,37018030,6,NA,60,12.0 m,Lauren Peel,
BIOT_7097_NELS_052_RIG3_L_2.MP4,7837,22.0765,BIOT_7097_NELS_052_RIG3,52,RIG3,Nelson's Island,East of Nelson's Island,05 40.814,72 20.251,Carcharhinidae,Carcharhinus,amblyrhynchos,37018030,1,NA,60,10.0 m,Lauren Peel,
BIOT_7097_NELS_053_RIG4_L_3.MP4,21591,47.443,BIOT_7097_NELS_053_RIG4,53,RIG4,Nelson's Island,East of Nelson's Island,05 40.804,72 20.414,Carcharhinidae,Carcharhinus,amblyrhynchos,37018030,2,NA,60,10.2 m,Lauren Peel,
BIOT_7097_NELS_053_RIG4_L_4.MP4,10754,59.1341,BIOT_7097_NELS_053_RIG4,53,RIG4,Nelson's Island,East of Nelson's Island,05 40.804,72 20.414,Carcharhinidae,Carcharhinus,melanopterus,37018036,1,NA,60,10.2 m,Lauren Peel,
BIOT_7097_NELS_054_RIG5_L_2.MP4,10057,23.3111,BIOT_7097_NELS_054_RIG5,54,RIG5,Nelson's Island,East of Nelson's Island,05 40.759,72 20.548,Carcharhinidae,Carcharhinus,amblyrhynchos,37018030,2,NA,60,10.5 m,Lauren Peel,
BIOT_7097_NELS_054_RIG5_L_4.MP4,14313,61.1133,BIOT_7097_NELS_054_RIG5,54,RIG5,Nelson's Island,East of Nelson's Island,05 40.759,72 20.548,Carcharhinidae,Carcharhinus,melanopterus,37018036,1,NA,60,10.5 m,Lauren Peel,
BIOT_7097_NELS_054_RIG5_L_2.MP4,3613,19.7275,BIOT_7097_NELS_054_RIG5,54,RIG5,Nelson's Island,East of Nelson's Island,05 40.759,72 20.548,Carcharhinidae,Triaenodon,obesus,37018038,1,NA,60,10.5 m,Lauren Peel,
BIOT_7097_NELS_055_RIG6_L_4.MP4,8584,57.9274,BIOT_7097_NELS_055_RIG6,55,RIG6,Nelson's Island,East of Nelson's Island,05 40.668,72 20.713,Carcharhinidae,Carcharhinus,amblyrhynchos,37018030,5,NA,60,11.4 m,Lauren Peel,
BIOT_7097_NELS_055_RIG6_L_3.MP4,6792,39.2131,BIOT_7097_NELS_055_RIG6,55,RIG6,Nelson's Island,East of Nelson's Island,05 40.668,72 20.713,Carcharhinidae,Triaenodon,obesus,37018038,1,NA,60,11.4 m,Lauren Peel,
BIOT_7097_NELS_056_RIG6_L_3.MP4,9847,40.912,BIOT_7097_NELS_056_RIG6,56,RIG6,Nelson's Island,Nelson's Island,05 41.181,72 19.261,Carcharhinidae,Carcharhinus,amblyrhynchos,37018030,4,NA,60,8.8 m,Lauren Peel;,
BIOT_7097_NELS_056_RIG6_L_2.MP4,11687,24.2176,BIOT_7097_NELS_056_RIG6,56,RIG6,Nelson's Island,Nelson's Island,05 41.181,72 19.261,Carcharhinidae,Carcharhinus,melanopterus,37018036,2,NA,60,8.8 m,Lauren Peel;,
BIOT_7097_NELS_057_RIG5_L_1.MP4,16280,9.0535,BIOT_7097_NELS_057_RIG5,57,RIG5,Nelson's Island,Nelson's Island,05 41.161,72 19.066,Carcharhinidae,Carcharhinus,amblyrhynchos,37018030,1,50.4009,60,9.3 m,Lauren Peel,
BIOT_7097_NELS_057_RIG5_L_4.MP4,14069,60.9776,BIOT_7097_NELS_057_RIG5,57,RIG5,Nelson's Island,Nelson's Island,05 41.161,72 19.066,Carcharhinidae,Carcharhinus,melanopterus,37018036,1,50.4009,60,9.3 m,Lauren Peel,
BIOT_7097_NELS_057_RIG5_L_4.MP4,4371,55.5845,BIOT_7097_NELS_057_RIG5,57,RIG5,Nelson's Island,Nelson's Island,05 41.161,72 19.066,Ginglymostomatidae,Nebrius,ferrugineus,37013010,1,50.4009,60,9.3 m,Lauren Peel,
BIOT_7097_NELS_058_RIG4_L_2.MP4,11118,23.9011,BIOT_7097_NELS_058_RIG4,58,RIG4,Nelson's Island,Nelson's Island,05 41.114,72 18.908,Ginglymostomatidae,Nebrius,ferrugineus,37013010,1,15.2697,60,9.1 m,Lauren Peel,
BIOT_7097_NELS_059_RIG3_L_1.MP4,26580,14.7814,BIOT_7097_NELS_059_RIG3,59,RIG3,Nelson's Island,Nelson's Island,05 41.165,72 18.701,Ginglymostomatidae,Nebrius,ferrugineus,37013010,1,3.6893,60,8.4 m,Lauren Peel,
BIOT_7097_NBRO_061_RIG2_L_4.MP4,4174,55.4749,BIOT_7097_NBRO_061_RIG2,61,RIG2,Brothers,North Brother,06 08.336,71 30.386,Carcharhinidae,Carcharhinus,amblyrhynchos,37018030,1,NA,57.5587,8.8 m,Lauren Peel,
BIOT_7097_NBRO_061_RIG2_L_1.MP4,8650,4.8104,BIOT_7097_NBRO_061_RIG2,61,RIG2,Brothers,North Brother,06 08.336,71 30.386,Carcharhinidae,Triaenodon,obesus,37018038,1,NA,57.5587,8.8 m,Lauren Peel,
BIOT_7097_NBRO_062_RIG3_L_3.MP4,21497,47.3907,BIOT_7097_NBRO_062_RIG3,62,RIG3,Brothers,North Brother,06 08.401,71 30.233,Carcharhinidae,Carcharhinus,amblyrhynchos,37018030,2,NA,60,7.7 m,Lauren Peel,
BIOT_7097_NBRO_062_RIG3_L_4.MP4,14293,61.1022,BIOT_7097_NBRO_062_RIG3,62,RIG3,Brothers,North Brother,06 08.401,71 30.233,Carcharhinidae,Carcharhinus,melanopterus,37018036,1,NA,60,7.7 m,Lauren Peel,
BIOT_7097_NBRO_063_RIG4_L_4.MP4,1960,54.2437,BIOT_7097_NBRO_063_RIG4,63,RIG4,Brothers,North Brother,06 08.489,71 30.104,Carcharhinidae,Carcharhinus,amblyrhynchos,37018030,5,NA,60,10.2 m,Lauren Peel,
BIOT_7097_NBRO_063_RIG4_L_2.MP4,27453,32.9852,BIOT_7097_NBRO_063_RIG4,63,RIG4,Brothers,North Brother,06 08.489,71 30.104,Carcharhinidae,Triaenodon,obesus,37018038,1,NA,60,10.2 m,Lauren Peel,
BIOT_7097_NBRO_064_RIG5_L_3.MP4,23791,48.6664,BIOT_7097_NBRO_064_RIG5,64,RIG5,Brothers,North Brother,06 08.462,71 29.966,Carcharhinidae,Carcharhinus,amblyrhynchos,37018030,1,NA,60,11.5 m,Lauren Peel,
BIOT_7097_NBRO_065_RIG6_L_1.MP4,17506,9.7353,BIOT_7097_NBRO_065_RIG6,65,RIG6,Brothers,North Brother,06 08.307,71 29.938,Carcharhinidae,Carcharhinus,amblyrhynchos,37018030,1,NA,60,10.1 m,Lauren Peel,
BIOT_7097_NBRO_065_RIG6_L_3.MP4,24538,49.0819,BIOT_7097_NBRO_065_RIG6,65,RIG6,Brothers,North Brother,06 08.307,71 29.938,Carcharhinidae,Triaenodon,obesus,37018038,1,NA,60,10.1 m,Lauren Peel,
BIOT_7097_NBRO_066_RIG6_L_1.MP4,24823,13.8044,BIOT_7097_NBRO_066_RIG6,66,RIG6,Brothers,North Brother,06 08.188,71 30.626,Carcharhinidae,Carcharhinus,amblyrhynchos,37018030,1,NA,60,8.2 m,Lauren Peel,
BIOT_7097_NBRO_066_RIG6_L_1.MP4,10938,6.0827,BIOT_7097_NBRO_066_RIG6,66,RIG6,Brothers,North Brother,06 08.188,71 30.626,Carcharhinidae,Triaenodon,obesus,37018038,1,NA,60,8.2 m,Lauren Peel,
BIOT_7097_NBRO_067_RIG5_L_1.MP4,30592,17.0126,BIOT_7097_NBRO_067_RIG5,67,RIG5,Brothers,North Brother,06 08.091,71 30.756,Carcharhinidae,Triaenodon,obesus,37018038,1,NA,60,8.7 m,Lauren Peel,
BIOT_7097_NBRO_068_RIG4_L_3.MP4,21283,47.2717,BIOT_7097_NBRO_068_RIG4,68,RIG4,Brothers,North Brother,06 08.002,71 30.894,Carcharhinidae,Carcharhinus,amblyrhynchos,37018030,1,NA,60,10.0 m,Lauren Peel,
BIOT_7097_NBRO_069_RIG3_L_3.MP4,31375,52.884,BIOT_7097_NBRO_069_RIG3,69,RIG3,Brothers,North Brother,06 07.834,71 30.914,Carcharhinidae,Carcharhinus,amblyrhynchos,37018030,5,NA,60,11.3 m,Lauren Peel,
BIOT_7097_NBRO_069_RIG3_L_4.MP4,4271,55.5289,BIOT_7097_NBRO_069_RIG3,69,RIG3,Brothers,North Brother,06 07.834,71 30.914,Carcharhinidae,Triaenodon,obesus,37018038,3,NA,60,11.3 m,Lauren Peel,
BIOT_7097_NBRO_070_RIG2_L_4.MP4,21386,65.0467,BIOT_7097_NBRO_070_RIG2,70,RIG2,Brothers,North Brother,06 08.005,71 30.425,Carcharhinidae,Carcharhinus,melanopterus,37018036,1,NA,60,9.4 m,Lauren Peel,
BIOT_7097_NBRO_070_RIG2_L_3.MP4,10377,41.2068,BIOT_7097_NBRO_070_RIG2,70,RIG2,Brothers,North Brother,06 08.005,71 30.425,Carcharhinidae,Triaenodon,obesus,37018038,1,NA,60,9.4 m,Lauren Peel,
BIOT_7097_NBRO_070_RIG2_L_2.MP4,22077,29.9956,BIOT_7097_NBRO_070_RIG2,70,RIG2,Brothers,North Brother,06 08.005,71 30.425,Ginglymostomatidae,Nebrius,ferrugineus,37013010,1,NA,60,9.4 m,Lauren Peel,
BIOT_7097_EAGL_071_RIG2_L_3.MP4,3468,37.3646,BIOT_7097_EAGL_071_RIG2,71,RIG2,Eagle Island,Eagle Island,06 10.585,71 19.834,Carcharhinidae,Carcharhinus,amblyrhynchos,37018030,4,26.8318,60,7.5 m,Lauren Peel,
BIOT_7097_EAGL_071_RIG2_L_3.MP4,12085,42.1566,BIOT_7097_EAGL_071_RIG2,71,RIG2,Eagle Island,Eagle Island,06 10.585,71 19.834,Carcharhinidae,Carcharhinus,melanopterus,37018036,1,26.8318,60,7.5 m,Lauren Peel,
BIOT_7097_EAGL_071_RIG2_L_1.MP4,27856,15.491,BIOT_7097_EAGL_071_RIG2,71,RIG2,Eagle Island,Eagle Island,06 10.585,71 19.834,Carcharhinidae,Triaenodon,obesus,37018038,1,26.8318,60,7.5 m,Lauren Peel,
BIOT_7097_EAGL_071_RIG2_L_2.MP4,30210,34.5184,BIOT_7097_EAGL_071_RIG2,71,RIG2,Eagle Island,Eagle Island,06 10.585,71 19.834,Ginglymostomatidae,Nebrius,ferrugineus,37013010,2,26.8318,60,7.5 m,Lauren Peel,
BIOT_7097_EAGL_072_RIG3_L_2.MP4,27679,15.3926,BIOT_7097_EAGL_072_RIG3,72,RIG3,Eagle Island,Eagle Island,06 10.735,71 19.721,Carcharhinidae,Carcharhinus,albimarginatus,37018027,1,NA,60,8.8 m,Lauren Peel,BRUV facing upwards
BIOT_7097_EAGL_072_RIG3_L_3.MP4,4314,20.1173,BIOT_7097_EAGL_072_RIG3,72,RIG3,Eagle Island,Eagle Island,06 10.735,71 19.721,Carcharhinidae,Carcharhinus,amblyrhynchos,37018030,5,NA,60,8.8 m,Lauren Peel,BRUV facing upwards
BIOT_7097_EAGL_072_RIG3_L_5.MP4,12189,59.9322,BIOT_7097_EAGL_072_RIG3,72,RIG3,Eagle Island,Eagle Island,06 10.735,71 19.721,Carcharhinidae,Triaenodon,obesus,37018038,1,NA,60,8.8 m,Lauren Peel,BRUV facing upwards
BIOT_7097_EAGL_072_RIG3_L_5.MP4,15378,61.7056,BIOT_7097_EAGL_072_RIG3,72,RIG3,Eagle Island,Eagle Island,06 10.735,71 19.721,Ginglymostomatidae,Nebrius,ferrugineus,37013010,3,NA,60,8.8 m,Lauren Peel,BRUV facing upwards
BIOT_7097_EAGL_073_RIG4_L_4.MP4,11534,59.5679,BIOT_7097_EAGL_073_RIG4,73,RIG4,Eagle Island,Eagle Island,06 10.884,71 19.613,Carcharhinidae,Carcharhinus,amblyrhynchos,37018030,2,NA,60,8.9 m,Lauren Peel,
BIOT_7097_EAGL_073_RIG4_L_2.MP4,7995,22.1644,BIOT_7097_EAGL_073_RIG4,73,RIG4,Eagle Island,Eagle Island,06 10.884,71 19.613,Carcharhinidae,Triaenodon,obesus,37018038,1,NA,60,8.9 m,Lauren Peel,
BIOT_7097_EAGL_074_RIG5_L_1.MP4,26555,14.7675,BIOT_7097_EAGL_074_RIG5,74,RIG5,Eagle Island,Eagle Island,06 11.071,71 19.481,Carcharhinidae,Carcharhinus,amblyrhynchos,37018030,1,NA,60,8.0 m,Lauren Peel,
BIOT_7097_EAGL_074_RIG5_L_1.MP4,25946,14.4289,BIOT_7097_EAGL_074_RIG5,74,RIG5,Eagle Island,Eagle Island,06 11.071,71 19.481,Carcharhinidae,Triaenodon,obesus,37018038,1,NA,60,8.0 m,Lauren Peel,
BIOT_7097_EAGL_074_RIG5_L_2.MP4,11667,24.2064,BIOT_7097_EAGL_074_RIG5,74,RIG5,Eagle Island,Eagle Island,06 11.071,71 19.481,Ginglymostomatidae,Nebrius,ferrugineus,37013010,1,NA,60,8.0 m,Lauren Peel,
BIOT_7097_EAGL_075_RIG6_L_4.MP4,1593,54.0396,BIOT_7097_EAGL_075_RIG6,75,RIG6,Eagle Island,Eagle Island,06 11.231,71 19.338,Carcharhinidae,Carcharhinus,amblyrhynchos,37018030,2,NA,60,9.7 m,Lauren Peel,
BIOT_7097_EAGL_075_RIG6_L_3.MP4,3935,37.6243,BIOT_7097_EAGL_075_RIG6,75,RIG6,Eagle Island,Eagle Island,06 11.231,71 19.338,Carcharhinidae,Triaenodon,obesus,37018038,1,NA,60,9.7 m,Lauren Peel,
BIOT_7097_EAGL_076_RIG6_L_4.MP4,8507,57.8846,BIOT_7097_EAGL_076_RIG6,76,RIG6,Eagle Island,Eagle Island,06 11.653,71 19.084,Carcharhinidae,Carcharhinus,melanopterus,37018036,1,NA,60,8.4 m,Lauren Peel,
BIOT_7097_EAGL_077_RIG5_L_3.MP4,18747,45.8614,BIOT_7097_EAGL_077_RIG5,77,RIG5,Eagle Island,Eagle Island,06 11.798,71 18.989,Carcharhinidae,Carcharhinus,amblyrhynchos,37018030,2,NA,60,11.9 m,Lauren Peel,
BIOT_7097_EAGL_077_RIG5_L_4.MP4,7922,57.5592,BIOT_7097_EAGL_077_RIG5,77,RIG5,Eagle Island,Eagle Island,06 11.798,71 18.989,Carcharhinidae,Triaenodon,obesus,37018038,1,NA,60,11.9 m,Lauren Peel,
BIOT_7097_EAGL_078_RIG4_R_3.MP4,978,35.9799,BIOT_7097_EAGL_078_RIG4,78,RIG4,Eagle Island,Eagle Island,06 11.972,71 18.912,Carcharhinidae,Carcharhinus,amblyrhynchos,37018030,1,NA,59.5818,9.8 m,Lauren Peel,RHS
BIOT_7097_EAGL_078_RIG4_R_2.MP4,14477,25.7691,BIOT_7097_EAGL_078_RIG4,78,RIG4,Eagle Island,Eagle Island,06 11.972,71 18.912,Carcharhinidae,Carcharhinus,melanopterus,37018036,1,NA,59.5818,9.8 m,Lauren Peel,RHS
BIOT_7097_EAGL_079_RIG3_L_2.MP4,22561,30.2647,BIOT_7097_EAGL_079_RIG3,79,RIG3,Eagle Island,Eagle Island,06 12.115,71 18.805,Carcharhinidae,Carcharhinus,amblyrhynchos,37018030,2,51.115,59.1692,9.0 m,Lauren Peel,
BIOT_7097_EAGL_079_RIG3_L_3.MP4,30578,52.4408,BIOT_7097_EAGL_079_RIG3,79,RIG3,Eagle Island,Eagle Island,06 12.115,71 18.805,Ginglymostomatidae,Nebrius,ferrugineus,37013010,1,51.115,59.1692,9.0 m,Lauren Peel,
BIOT_7097_EAGL_080_RIG2_L_4.MP4,13957,25.4799,BIOT_7097_EAGL_080_RIG2,80,RIG2,Eagle Island,Eagle Island,06 12.242,71 18.684,Carcharhinidae,Carcharhinus,melanopterus,37018036,1,NA,59.911,7.8 m,Lauren Peel,
BIOT_7097_EGMT_081_RIG2_L_4.MP4,11032,59.2887,BIOT_7097_EGMT_081_RIG2,81,RIG2,Egmont,Ile Des Rats,06 38.094,71 19.276,Carcharhinidae,Carcharhinus,amblyrhynchos,37018030,8,NA,60,9.6 m,Lauren Peel,
BIOT_7097_EGMT_081_RIG2_L_1.MP4,19052,10.595,BIOT_7097_EGMT_081_RIG2,81,RIG2,Egmont,Ile Des Rats,06 38.094,71 19.276,Carcharhinidae,Carcharhinus,melanopterus,37018036,1,NA,60,9.6 m,Lauren Peel,
BIOT_7097_EGMT_081_RIG2_L_2.MP4,22361,30.1535,BIOT_7097_EGMT_081_RIG2,81,RIG2,Egmont,Ile Des Rats,06 38.094,71 19.276,Carcharhinidae,Triaenodon,obesus,37018038,1,NA,60,9.6 m,Lauren Peel,
BIOT_7097_EGMT_082_RIG3_L_3.MP4,7559,39.6396,BIOT_7097_EGMT_082_RIG3,82,RIG3,Egmont,Ile Des Rats,06 38.138,71 19.118,Carcharhinidae,Carcharhinus,amblyrhynchos,37018030,2,NA,60,7.5 m,Lauren Peel,
BIOT_7097_EGMT_082_RIG3_L_1.MP4,21343,11.8691,BIOT_7097_EGMT_082_RIG3,82,RIG3,Egmont,Ile Des Rats,06 38.138,71 19.118,Carcharhinidae,Carcharhinus,melanopterus,37018036,1,NA,60,7.5 m,Lauren Peel,
BIOT_7097_EGMT_082_RIG3_L_3.MP4,6255,38.9145,BIOT_7097_EGMT_082_RIG3,82,RIG3,Egmont,Ile Des Rats,06 38.138,71 19.118,Carcharhinidae,Triaenodon,obesus,37018038,1,NA,60,7.5 m,Lauren Peel,
BIOT_7097_EGMT_083_RIG4_L_1.MP4,29617,16.4704,BIOT_7097_EGMT_083_RIG4,83,RIG4,Egmont,Ile Des Rats,06 38.204,71 18.977,Carcharhinidae,Carcharhinus,amblyrhynchos,37018030,1,13.251,60,8.8 m,Lauren Peel,
BIOT_7097_EGMT_083_RIG4_L_1.MP4,11758,6.5388,BIOT_7097_EGMT_083_RIG4,83,RIG4,Egmont,Ile Des Rats,06 38.204,71 18.977,Carcharhinidae,Carcharhinus,melanopterus,37018036,1,13.251,60,8.8 m,Lauren Peel,
BIOT_7097_EGMT_083_RIG4_L_2.MP4,3387,19.6018,BIOT_7097_EGMT_083_RIG4,83,RIG4,Egmont,Ile Des Rats,06 38.204,71 18.977,Ginglymostomatidae,Nebrius,ferrugineus,37013010,1,13.251,60,8.8 m,Lauren Peel,
BIOT_7097_EGMT_084_RIG5_L_3.MP4,21480,47.3813,BIOT_7097_EGMT_084_RIG5,84,RIG5,Egmont,Ile Des Rats,06 38.297,71 18.836,Carcharhinidae,Carcharhinus,amblyrhynchos,37018030,3,NA,56.1896,10.6 m,Lauren Peel,
BIOT_7097_EGMT_084_RIG5_L_3.MP4,19281,46.1584,BIOT_7097_EGMT_084_RIG5,84,RIG5,Egmont,Ile Des Rats,06 38.297,71 18.836,Carcharhinidae,Triaenodon,obesus,37018038,1,NA,56.1896,10.6 m,Lauren Peel,
BIOT_7097_EGMT_085_RIG6_L_2.MP4,24086,31.1128,BIOT_7097_EGMT_085_RIG4,85,RIG4,Egmont,Ile Des Rats,06 38.452,71 18.744,Carcharhinidae,Carcharhinus,amblyrhynchos,37018030,5,43.8071,60,7.0 m,Lauren Peel,
BIOT_7097_EGMT_085_RIG6_L_1.MP4,13911,7.7361,BIOT_7097_EGMT_085_RIG4,85,RIG4,Egmont,Ile Des Rats,06 38.452,71 18.744,Carcharhinidae,Carcharhinus,melanopterus,37018036,2,43.8071,60,7.0 m,Lauren Peel,
BIOT_7097_EGMT_085_RIG6_L_1.MP4,29828,16.5877,BIOT_7097_EGMT_085_RIG4,85,RIG4,Egmont,Ile Des Rats,06 38.452,71 18.744,Carcharhinidae,Triaenodon,obesus,37018038,2,43.8071,60,7.0 m,Lauren Peel,
BIOT_7097_EGMT_085_RIG6_L_2.MP4,29395,34.0652,BIOT_7097_EGMT_085_RIG4,85,RIG4,Egmont,Ile Des Rats,06 38.452,71 18.744,Ginglymostomatidae,Nebrius,ferrugineus,37013010,1,43.8071,60,7.0 m,Lauren Peel,
BIOT_7097_EGMT_086_RIG6_L_3.MP4,25660,49.7058,BIOT_7097_EGMT_086_RIG6,86,RIG6,Egmont,Ile Lubine,06 39.761,71 18.791,Carcharhinidae,Carcharhinus,amblyrhynchos,37018030,7,NA,60,7.9 m,Lauren Peel,
BIOT_7097_EGMT_086_RIG6_L_1.MP4,10318,5.738,BIOT_7097_EGMT_086_RIG6,86,RIG6,Egmont,Ile Lubine,06 39.761,71 18.791,Carcharhinidae,Carcharhinus,melanopterus,37018036,1,NA,60,7.9 m,Lauren Peel,
BIOT_7097_EGMT_086_RIG6_L_1.MP4,10729,5.9665,BIOT_7097_EGMT_086_RIG6,86,RIG6,Egmont,Ile Lubine,06 39.761,71 18.791,Carcharhinidae,Triaenodon,obesus,37018038,1,NA,60,7.9 m,Lauren Peel,
BIOT_7097_EGMT_087_RIG5_L_3.MP4,25798,49.7826,BIOT_7097_EGMT_087_RIG5,87,RIG5,Egmont,Ile Lubine,06 39.882,71 18.922,Carcharhinidae,Carcharhinus,amblyrhynchos,37018030,5,NA,60,9.3 m,Lauren Peel,
BIOT_7097_EGMT_087_RIG5_L_2.MP4,6913,21.5627,BIOT_7097_EGMT_087_RIG5,87,RIG5,Egmont,Ile Lubine,06 39.882,71 18.922,Carcharhinidae,Carcharhinus,melanopterus,37018036,1,NA,60,9.3 m,Lauren Peel,
BIOT_7097_EGMT_088_RIG4_L_3.MP4,25851,49.812,BIOT_7097_EGMT_088_RIG4,88,RIG4,Egmont,Ile Lubine,06 39.995,71 19.055,Carcharhinidae,Carcharhinus,amblyrhynchos,37018030,3,NA,60,8.3 m,Lauren Peel,
BIOT_7097_EGMT_088_RIG4_L_3.MP4,2437,36.7912,BIOT_7097_EGMT_088_RIG4,88,RIG4,Egmont,Ile Lubine,06 39.995,71 19.055,Ginglymostomatidae,Nebrius,ferrugineus,37013010,1,NA,60,8.3 m,Lauren Peel,
BIOT_7097_EGMT_089_RIG3_L_3.MP4,10342,41.1873,BIOT_7097_EGMT_089_RIG3,89,RIG3,Egmont,Ile Lubine,06 40.091,71 19.202,Carcharhinidae,Carcharhinus,amblyrhynchos,37018030,1,NA,60,7.4 m,Lauren Peel,
BIOT_7097_EGMT_089_RIG3_L_2.MP4,24553,31.3725,BIOT_7097_EGMT_089_RIG3,89,RIG3,Egmont,Ile Lubine,06 40.091,71 19.202,Carcharhinidae,Carcharhinus,melanopterus,37018036,1,NA,60,7.4 m,Lauren Peel,
BIOT_7097_EGMT_090_RIG2_L_3.MP4,21966,47.6515,BIOT_7097_EGMT_090_RIG2,90,RIG2,Egmont,Ile Lubine,06 40.226,71 19.347,Carcharhinidae,Carcharhinus,amblyrhynchos,37018030,5,53.7593,60,9.2 m,Lauren Peel,
BIOT_7097_EGMT_090_RIG2_L_1.MP4,18002,10.0111,BIOT_7097_EGMT_090_RIG2,90,RIG2,Egmont,Ile Lubine,06 40.226,71 19.347,Carcharhinidae,Triaenodon,obesus,37018038,1,53.7593,60,9.2 m,Lauren Peel,
BIOT_7097_EGMT_090_RIG2_L_4.MP4,17198,62.7177,BIOT_7097_EGMT_090_RIG2,90,RIG2,Egmont,Ile Lubine,06 40.226,71 19.347,Ginglymostomatidae,Nebrius,ferrugineus,37013010,1,53.7593,60,9.2 m,Lauren Peel,
BIOT_7097_EGMT_091_RIG2_L_3.MP4,12873,42.5948,BIOT_7097_EGMT_091_RIG2,91,RIG2,Egmont,Ile Carre Pate,06 40.519,71 20.548,Carcharhinidae,Carcharhinus,amblyrhynchos,37018030,4,NA,60,11.6 m,Lauren Peel,
BIOT_7097_EGMT_091_RIG2_L_4.MP4,9252,58.2989,BIOT_7097_EGMT_091_RIG2,91,RIG2,Egmont,Ile Carre Pate,06 40.519,71 20.548,Carcharhinidae,Carcharhinus,melanopterus,37018036,1,NA,60,11.6 m,Lauren Peel,
BIOT_7097_EGMT_091_RIG2_L_1.MP4,24485,13.6164,BIOT_7097_EGMT_091_RIG2,91,RIG2,Egmont,Ile Carre Pate,06 40.519,71 20.548,Carcharhinidae,Triaenodon,obesus,37018038,1,NA,60,11.6 m,Lauren Peel,
BIOT_7097_EGMT_092_RIG3_L_2.MP4,12758,7.0949,BIOT_7097_EGMT_092_RIG3,92,RIG3,Egmont,Ile Carre Pate,06 40.483,71 20.722,Carcharhinidae,Carcharhinus,amblyrhynchos,37018030,1,NA,60,11.5 m,Lauren Peel,
BIOT_7097_EGMT_092_RIG3_L_4.MP4,31764,53.1003,BIOT_7097_EGMT_092_RIG3,92,RIG3,Egmont,Ile Carre Pate,06 40.483,71 20.722,Carcharhinidae,Triaenodon,obesus,37018038,1,NA,60,11.5 m,Lauren Peel,
BIOT_7097_EGMT_092_RIG3_L_3.MP4,24954,31.5955,BIOT_7097_EGMT_092_RIG3,92,RIG3,Egmont,Ile Carre Pate,06 40.483,71 20.722,Ginglymostomatidae,Nebrius,ferrugineus,37013010,2,NA,60,11.5 m,Lauren Peel,
BIOT_7097_EGMT_093_RIG4_L_2.MP4,23046,30.5344,BIOT_7097_EGMT_093_RIG4,93,RIG4,Egmont,Ile Carre Pate,06 40.502,71 20.921,Carcharhinidae,Carcharhinus,amblyrhynchos,37018030,5,40.3659,60,11.0 m,Lauren Peel,
BIOT_7097_EGMT_093_RIG4_L_3.MP4,1986,36.5404,BIOT_7097_EGMT_093_RIG4,93,RIG4,Egmont,Ile Carre Pate,06 40.502,71 20.921,Carcharhinidae,Carcharhinus,melanopterus,37018036,2,40.3659,60,11.0 m,Lauren Peel,
BIOT_7097_EGMT_093_RIG4_L_3.MP4,2422,36.7829,BIOT_7097_EGMT_093_RIG4,93,RIG4,Egmont,Ile Carre Pate,06 40.502,71 20.921,Carcharhinidae,Triaenodon,obesus,37018038,1,40.3659,60,11.0 m,Lauren Peel,
BIOT_7097_EGMT_093_RIG4_L_3.MP4,20321,46.7367,BIOT_7097_EGMT_093_RIG4,93,RIG4,Egmont,Ile Carre Pate,06 40.502,71 20.921,Ginglymostomatidae,Nebrius,ferrugineus,37013010,3,40.3659,60,11.0 m,Lauren Peel,
BIOT_7097_EGMT_094_RIG5_L_3.MP4,28284,51.1651,BIOT_7097_EGMT_094_RIG5,94,RIG5,Egmont,Ile Carre Pate,06 40.548,71 21.122,Carcharhinidae,Carcharhinus,melanopterus,37018036,1,NA,60,9.3 m,Lauren Peel,
BIOT_7097_EGMT_094_RIG5_L_2.MP4,24734,31.4731,BIOT_7097_EGMT_094_RIG5,94,RIG5,Egmont,Ile Carre Pate,06 40.548,71 21.122,Carcharhinidae,Triaenodon,obesus,37018038,1,NA,60,9.3 m,Lauren Peel,
BIOT_7097_EGMT_095_RIG6_L_1.MP4,13076,7.2717,BIOT_7097_EGMT_095_RIG6,95,RIG6,Egmont,Ile Carre Pate,06 40.638,71 21.281,Carcharhinidae,Carcharhinus,amblyrhynchos,37018030,4,5.52287,60,10.5 m,Lauren Peel,
BIOT_7097_EGMT_095_RIG6_L_1.MP4,11298,6.2829,BIOT_7097_EGMT_095_RIG6,95,RIG6,Egmont,Ile Carre Pate,06 40.638,71 21.281,Carcharhinidae,Carcharhinus,melanopterus,37018036,1,5.52287,60,10.5 m,Lauren Peel,
BIOT_7097_EGMT_095_RIG6_L_4.MP4,4254,55.5194,BIOT_7097_EGMT_095_RIG6,95,RIG6,Egmont,Ile Carre Pate,06 40.638,71 21.281,Ginglymostomatidae,Nebrius,ferrugineus,37013010,1,5.52287,60,10.5 m,Lauren Peel,
