unique_ID,paper,unique_ID_site,cluster_ID,macro_cluster_ID,turf_cluster_ID,inverts_cluster_ID,separator,last_name,year_published,year_started,month_started,season_started,time_points,broad_region,human_impact_ecoregion,mean_human_impact_score,region,location,site,latitude,longitude,MPA_paper,number_of_sites,study_duration_mm,depth_m,settlement_substrate,microhabitat,tile_conditioning,tile_conditioning_mm,og_herbivore_biomass,og_herbivore_biomass_units,herbivore_biomass_gm2,coral_uncaged_mean,coral_uncaged_SD,coral_uncaged_SE,coral_uncaged_n,coral_caged_mean,coral_caged_SD,coral_caged_SE,coral_caged_n,coral_response_variable,coral_recruit_location,ALGAE_uncaged_mean,ALGAE_uncaged_SD,ALGAE_uncaged_SE,ALGAE_uncaged_n,ALGAE_caged_mean,ALGAE_caged_SD,ALGAE_caged_SE,ALGAE_caged_n,ALGAE_response_variable,turf_uncaged_mean,turf_uncaged_SD,turf_uncaged_SE,turf_uncaged_n,turf_caged_mean,turf_caged_SD,turf_caged_SE,turf_caged_n,turf_response_variable,turf_type,macroalgae_uncaged_mean,macroalgae_uncaged_SD,macroalgae_uncaged_SE,macroalgae_uncaged_n,macroalgae_caged_mean,macroalgae_caged_SD,macroalgae_caged_SE,macroalgae_caged_n,macroalgae_response_variable,macroalgae_taxa,CCA_uncaged_mean,CCA_uncaged_SD,CCA_uncaged_SE,CCA_uncaged_n,CCA_caged_mean,CCA_caged_SD,CCA_caged_SE,CCA_caged_n,CCA_response_variable,invertebrates_uncaged_mean,invertebrates_uncaged_SD,invertebrates_uncaged_SE,invertebrates_uncaged_n,invertebrates_caged_mean,invertebrates_caged_SD,invertebrates_caged_SE,invertebrates_caged_n,invertebrates_response_variable,invertebrate_species
1-Arnold_et_al_2010,Arnold_et_al_2010,Arnold_et_al_2010,Single Estimate,,,,none,Arnold et al.,2010,2004,June,Summer,1,Tropical Atlantic,Southern Caribbean,10.7,Caribbean,Bonaire,averaged sites,12.25,-68.466667,N,6,25,10,tiles,,"3 months uncaged in reef, not called preconditioning",3,16.84,g/m2,16.84,2.162,10.03890791,0.994,102,0.556,1.009748484,0.238,18,count,bottom,,,,,,,,,,,,,,,,,,,,,,,,,,,,,,,,,,,,,,,,,,,,,,,,
3-Evensen_et_al_2021,Evensen_et_al_2021,Evensen_et_al_2021,Crowns,,,,microhabitat,Evensen et al.,2021,2017,October,Fall,1,Central Indo-Pacific,West Caroline Islands,7.5,Micronesia,Palau,one site,7.274417,134.458611,N,1,8.333333333,5.5,tiles,crowns,6 months of conditioning in reef under herbivore exclusion treatments,6,36.65,g/m2,36.65,0.066,0.05515432893,0.013,18,0.047,0.08485281374,0.02,18,count,top,,,,,,,,,,,,,,,,,,,,,,,,,,,,,,,,,,,,,,,,,,,,,,,,
3-Evensen_et_al_2021,Evensen_et_al_2021,Evensen_et_al_2021,Crevices,,,,microhabitat,Evensen et al.,2021,2017,October,Fall,1,Central Indo-Pacific,West Caroline Islands,7.5,Micronesia,Palau,one site,7.274417,134.458611,N,1,8.333333333,5.5,tiles,crevices,6 months of conditioning in reef under herbivore exclusion treatments,6,36.65,g/m2,36.65,0.018,0.06363961031,0.015,18,0.008,0.04666904756,0.011,18,count,top,,,,,,,,,,,,,,,,,,,,,,,,,,,,,,,,,,,,,,,,,,,,,,,,
3-Evensen_et_al_2021,Evensen_et_al_2021,Evensen_et_al_2021,Sides,,,,microhabitat,Evensen et al.,2021,2017,October,Fall,1,Central Indo-Pacific,West Caroline Islands,7.5,Micronesia,Palau,one site,7.274417,134.458611,N,1,8.333333333,5.5,tiles,sides,6 months of conditioning in reef under herbivore exclusion treatments,6,36.65,g/m2,36.65,0.148,0.2121320344,0.05,18,0.068,0.07212489168,0.017,18,count,side,,,,,,,,,,,,,,,,,,,,,,,,,,,,,,,,,,,,,,,,,,,,,,,,
4-OLeary_et_al_2013,OLeary_et_al_2013,OLeary_et_al_2013_Fishing,Fishing,,,,fisheries management,OLeary et al.,2013,2007,April,Fall,1,Western Indo-Pacific,East African Coral Coast,8.1,Indian Ocean,Kenya,Fishing Allowed,-4.004817263,39.74136846,N,2,12,3,tiles,,not mentioned,0,8.6,kg/ha,0.86,63,96.16652224,17,32,234,345.0681092,61,32,count,whole tile,,,,,,,,,,,,,,,,,,,,,,,,,,,,,,,,,,,,,,,,,,,,,,,,
4-OLeary_et_al_2013,OLeary_et_al_2013,OLeary_et_al_2013_NoFishing,No Fishing,,,,fisheries management,OLeary et al.,2013,2007,April,Fall,1,Western Indo-Pacific,East African Coral Coast,8.1,Indian Ocean,Kenya,No Fishing,-3.997640308,39.7287511,Y,2,12,3,tiles,,,0,190.1666667,kg/ha,19.017,35,44.5421149,8,31,10,21.9089023,4,30,count,whole tile,,,,,,,,,,,,,,,,,,,,,,,,,,,,,,,,,,,,,,,,,,,,,,,,
5-Stuhldreier_et_al_2015,Stuhldreier_et_al_2015,Stuhldreier_et_al_2015,Single Estimate,,,,none,Stuhldreier et al.,2015,2012,February,Winter,6,Central Indo-Pacific,Gulf of Thailand,8.1,Southeast Asia,Thailand,one site,9.796733,99.9783,Y,1,3,5,tiles,,preconditioned in buckets with seawater for 24 hours,0.03333333333,13.632,g/m2,13.632,,,,,,,,,,,68.921,37.15740222,4.797,60,73.056,47.59121936,6.144,60,percent cover,,,,,,,,,,,,,,,,,,,,,,,,,,,,,,,,,,,,,,,
6-Albert_et_al_2008,Albert_et_al_2008,Albert_et_al_2008_Merusu,Merusu,,,,site,Albert et al.,2008,2005,June,Winter,1,Central Indo-Pacific,Solomon Archipelago,10,Melanesia,Solomon Islands,Merusu,-8.733892,158.102197,N,9,0.9333333333,1,tiles,,"5 months uncaged in reef, not called preconditioning",5,2.17,g/m2,2.17,,,,,,,,,,,7.22,2.833635121,1.636,3,7.532,2.329608336,1.345,3,biomass (mg/cm2),,,,,,,,,,,,,,,,,,,,,,,,,,,,,,,,,,,,,,,
6-Albert_et_al_2008,Albert_et_al_2008,Albert_et_al_2008_Koreke,Koreke,,,,site,Albert et al.,2008,2005,June,Winter,1,Central Indo-Pacific,Solomon Archipelago,10,Melanesia,Solomon Islands,Koreke,-8.54374,158.011212,N,9,0.9333333333,1,tiles,,,5,2.25,g/m2,2.25,,,,,,,,,,,2.89,1.855026415,1.071,3,3.42,1.447994475,0.836,3,biomass (mg/cm2),,,,,,,,,,,,,,,,,,,,,,,,,,,,,,,,,,,,,,,
6-Albert_et_al_2008,Albert_et_al_2008,Albert_et_al_2008_Chea,Chea,,,,site,Albert et al.,2008,2005,June,Winter,1,Central Indo-Pacific,Solomon Archipelago,10,Melanesia,Solomon Islands,Chea,-8.500407,158.016337,N,9,0.9333333333,1,tiles,,,5,2.8,g/m2,2.8,,,,,,,,,,,0.957,0.3169652978,0.183,3,2.385,1.236684277,0.714,3,biomass (mg/cm2),,,,,,,,,,,,,,,,,,,,,,,,,,,,,,,,,,,,,,,
6-Albert_et_al_2008,Albert_et_al_2008,Albert_et_al_2008_Tengomo,Tengomo,,,,site,Albert et al.,2008,2005,June,Winter,1,Central Indo-Pacific,Solomon Archipelago,10,Melanesia,Solomon Islands,Tengomo,-8.695264,158.147241,N,9,0.9333333333,1,tiles,,,5,8.71,g/m2,8.71,,,,,,,,,,,1.081,0.06062177826,0.035,3,5.166,2.639645431,1.524,3,biomass (mg/cm2),,,,,,,,,,,,,,,,,,,,,,,,,,,,,,,,,,,,,,,
6-Albert_et_al_2008,Albert_et_al_2008,Albert_et_al_2008_Tinge,Tinge,,,,site,Albert et al.,2008,2005,June,Winter,1,Central Indo-Pacific,Solomon Archipelago,10,Melanesia,Solomon Islands,Tinge,-8.689717,158.105194,N,9,0.9333333333,1,tiles,,,5,4.77,g/m2,4.77,,,,,,,,,,,1.022,0.3983716857,0.23,3,2.241,0.3706588728,0.214,3,biomass (mg/cm2),,,,,,,,,,,,,,,,,,,,,,,,,,,,,,,,,,,,,,,
6-Albert_et_al_2008,Albert_et_al_2008,Albert_et_al_2008_Chumbi,Chumbi,,,,site,Albert et al.,2008,2005,June,Winter,1,Central Indo-Pacific,Solomon Archipelago,10,Melanesia,Solomon Islands,Chumbi,-8.526592,158.012133,N,9,0.9333333333,1,tiles,,,5,8.42,g/m2,8.42,,,,,,,,,,,0.793,0.3117691454,0.18,3,3.533,1.422013713,0.821,3,biomass (mg/cm2),,,,,,,,,,,,,,,,,,,,,,,,,,,,,,,,,,,,,,,
6-Albert_et_al_2008,Albert_et_al_2008,Albert_et_al_2008_Bili,Bili,,,,site,Albert et al.,2008,2005,June,Winter,1,Central Indo-Pacific,Solomon Archipelago,10,Melanesia,Solomon Islands,Bili,-8.67374,158.208825,N,9,0.9333333333,1,tiles,,,5,6.36,g/m2,6.36,,,,,,,,,,,0.418,0.405299889,0.234,3,2.319,1.442798323,0.833,3,biomass (mg/cm2),,,,,,,,,,,,,,,,,,,,,,,,,,,,,,,,,,,,,,,
6-Albert_et_al_2008,Albert_et_al_2008,Albert_et_al_2008_Kemu,Kemu,,,,site,Albert et al.,2008,2005,June,Winter,1,Central Indo-Pacific,Solomon Archipelago,10,Melanesia,Solomon Islands,Kemu,-8.461759,158.028048,N,9,0.9333333333,1,tiles,,,5,13.29,g/m2,13.29,,,,,,,,,,,0.228,0.2026499445,0.117,3,2.273,1.524204711,0.88,3,biomass (mg/cm2),,,,,,,,,,,,,,,,,,,,,,,,,,,,,,,,,,,,,,,
6-Albert_et_al_2008,Albert_et_al_2008,Albert_et_al_2008_Tibara,Tibara,,,,site,Albert et al.,2008,2005,June,Winter,1,Central Indo-Pacific,Solomon Archipelago,10,Melanesia,Solomon Islands,Tibara,-8.674383,158.190325,N,9,0.9333333333,1,tiles,,,5,14.8,g/m2,14.8,,,,,,,,,,,0.277,0.2857883832,0.165,3,1.788,0.7759587618,0.448,3,biomass (mg/cm2),,,,,,,,,,,,,,,,,,,,,,,,,,,,,,,,,,,,,,,
7-Steneck_et_al_2014,Steneck_et_al_2014,Steneck_et_al_2014_CarrieBowCay,Carrie Bow Cay,,,,site,Steneck et al.,2014,2007,March,Spring,1,Tropical Atlantic,Western Caribbean,11,Caribbean,Belize,Carrie Bow Cay,16.80132499,-88.08375905,N,2,12,10,tiles,,not mentioned,0,19.25,g/m2,19.25,1.706,1.435400989,0.293,24,0.604,0.9406040612,0.192,24,count,bottom,,,,,,,,,,,,,,,,,,,,,,,,,,,,,,,,,,,,,,,,,,,,,,,,
7-Steneck_et_al_2014,Steneck_et_al_2014,Steneck_et_al_2014_GloversReef,Glovers Reef,,,,site,Steneck et al.,2014,2007,March,Spring,1,Tropical Atlantic,Western Caribbean,11,Caribbean,Belize,Glovers Reef,16.833333,-87.8,N,2,12,10,tiles,,,0,19.25,g/m2,19.25,0.899,1.121866302,0.229,24,0.302,0.5829785588,0.119,24,count,bottom,,,,,,,,,,,,,,,,,,,,,,,,,,,,,,,,,,,,,,,,,,,,,,,,
8-Belliveau_Paul_2002,Belliveau_and_Paul_2002,Belliveau_and_Paul_2002_Asan,Asan,,,,site,Belliveau and Paul,2002,2000,June,Summer,1,Central Indo-Pacific,Mariana Islands,15.8,Micronesia,Guam,Asan,13.479818,144.717804,N,2,1.25,10,tiles,,2 months in flow-through seawater tank with pieces of rubble to propagate CCA and filamentous algae,2,7.65,g/m2,7.65,1,0,0,8,2,0,0,8,count,whole tile,9.86,4.081420341,1.443,8,27.283,17.1119841,6.05,8,ash-free dry mass (mg),,,,,,,,,,,,,,,,,,,,,33.228,6.70902914,2.372,8,10.793,11.13268916,3.936,8,percent cover,,,,,,,,,,
8-Belliveau_Paul_2002,Belliveau_and_Paul_2002,Belliveau_and_Paul_2002_Piti,Piti,,,,site,Belliveau and Paul,2002,2000,June,Summer,1,Central Indo-Pacific,Mariana Islands,15.8,Micronesia,Guam,Piti,13.48035152,144.6937843,N,2,1.25,10,tiles,,,2,7.65,g/m2,7.65,0,0,0,8,0,0,0,8,count,whole tile,13.808,11.36462019,4.018,8,24.948,18.64499161,6.592,8,ash-free dry mass (mg),,,,,,,,,,,,,,,,,,,,,42.754,13.51139637,4.777,8,14.843,8.700241836,3.076,8,percent cover,,,,,,,,,,
10-Doropoulos_et_al_2017,Doropoulos_et_al_2017,Doropoulos_et_al_2017_MediumWaveExposure,"Medium Wave Exposure, Crevice",Encrusting Fleshy,,,wave exposure + microhabitat + macroalgae functional group,Doropoulos et al.,2017,2013,April,Spring,2,Central Indo-Pacific,West Caroline Islands,7.5,Micronesia,Palau,Medium Wave Exposure,7.278989667,134.463139,N,6,19,7,tiles,crevice,not mentioned,0,36.65,g/m2,36.65,0.001,0.007745966692,0.002,15,0.0002,0.01859032006,0.0048,15,abundance (per cm2) - GAMM Means,top,,,,,,,,,,32.571,18.12556206,4.68,15,23.388,25.8366719,6.671,15,percent cover - GAMM Means,,10.813,11.79710727,3.046,15,7.828,15.4183467,3.981,15,percent cover - GAMM Means,encrusting fleshy,5.911,3.168100377,0.818,15,5.127,6.494993072,1.677,15,percent cover - GAMM Means,1.836,3.973680913,1.026,15,5.779,15.68170957,4.049,15,percent cover - GAMM Means,"ascidians, bryozoans, sponges"
10-Doropoulos_et_al_2017,Doropoulos_et_al_2017,Doropoulos_et_al_2017_MediumWaveExposure,"Medium Wave Exposure, Crown",Encrusting Fleshy,,,wave exposure + microhabitat + macroalgae functional group,Doropoulos et al.,2017,2013,April,Spring,2,Central Indo-Pacific,West Caroline Islands,7.5,Micronesia,Palau,Medium Wave Exposure,7.278989667,134.463139,N,6,19,7,tiles,crown,not mentioned,0,36.65,g/m2,36.65,0.0008,0.008520563362,0.0022,15,0.002,0.01161895004,0.003,15,abundance (per cm2) - GAMM Means,top,,,,,,,,,,19.548,23.24177306,6.001,15,21.476,33.28829186,8.595,15,percent cover - GAMM Means,,7.961,10.05039178,2.595,15,8.501,19.0008563,4.906,15,percent cover - GAMM Means,encrusting fleshy,10.075,7.958980776,2.055,15,6.014,6.855180523,1.77,15,percent cover - GAMM Means,0.922,1.00697567,0.26,15,4.789,12.45551444,3.216,15,percent cover - GAMM Means,"ascidians, bryozoans, sponges"
10-Doropoulos_et_al_2017,Doropoulos_et_al_2017,Doropoulos_et_al_2017_MediumWaveExposure,"Medium Wave Exposure, Crevice",Foliose,,,wave exposure + microhabitat + macroalgae functional group,Doropoulos et al.,2017,2013,April,Spring,2,Central Indo-Pacific,West Caroline Islands,7.5,Micronesia,Palau,Medium Wave Exposure,7.278989667,134.463139,N,6,19,7,tiles,crevice,not mentioned,0,36.65,g/m2,36.65,,,,,,,,,,,,,,,,,,,,,,,,,,,,,,1.138,2.261822274,0.584,15,3.894,19.0008563,4.906,15,percent cover - GAMM Means,foliose,,,,,,,,,,,,,,,,,,,
10-Doropoulos_et_al_2017,Doropoulos_et_al_2017,Doropoulos_et_al_2017_MediumWaveExposure,"Medium Wave Exposure, Crown",Foliose,,,wave exposure + microhabitat + macroalgae functional group,Doropoulos et al.,2017,2013,April,Spring,2,Central Indo-Pacific,West Caroline Islands,7.5,Micronesia,Palau,Medium Wave Exposure,7.278989667,134.463139,N,6,19,7,tiles,crown,not mentioned,0,36.65,g/m2,36.65,,,,,,,,,,,,,,,,,,,,,,,,,,,,,,0.493,4.756023549,1.228,15,5.072,19.02022121,4.911,15,percent cover - GAMM Means,foliose,,,,,,,,,,,,,,,,,,,
10-Doropoulos_et_al_2017,Doropoulos_et_al_2017,Doropoulos_et_al_2017_LowWaveExposure,"Low Wave Exposure, Crevice",Encrusting Fleshy,,,wave exposure + microhabitat + macroalgae functional group,Doropoulos et al.,2017,2013,April,Spring,2,Central Indo-Pacific,West Caroline Islands,7.5,Micronesia,Palau,Low Wave Exposure,7.280546667,134.5170513,N,6,19,7,tiles,crevice,not mentioned,0,36.65,g/m2,36.65,0.014,0.02711088342,0.007,15,0.006,0.04647580015,0.012,15,abundance (per cm2) - GAMM Means,top,,,,,,,,,,17.148,18.41216283,4.754,15,21.67,32.07992106,8.283,15,percent cover - GAMM Means,,4.761,9.543030965,2.464,15,1.43,11.32073032,2.923,15,percent cover - GAMM Means,encrusting fleshy,17.636,10.65457719,2.751,15,3.908,10.82886144,2.796,15,percent cover - GAMM Means,3.782,4.910942883,1.268,15,7.016,12.91252648,3.334,15,percent cover - GAMM Means,"ascidians, bryozoans, sponges"
10-Doropoulos_et_al_2017,Doropoulos_et_al_2017,Doropoulos_et_al_2017_LowWaveExposure,"Low Wave Exposure, Crown",Encrusting Fleshy,,,wave exposure + microhabitat + macroalgae functional group,Doropoulos et al.,2017,2013,April,Spring,2,Central Indo-Pacific,West Caroline Islands,7.5,Micronesia,Palau,Low Wave Exposure,7.280546667,134.5170513,N,6,19,7,tiles,crown,not mentioned,0,36.65,g/m2,36.65,0.002,0.01161895004,0.003,15,0.004,0.02711088342,0.007,15,abundance (per cm2) - GAMM Means,top,,,,,,,,,,7.646,13.93499408,3.598,15,22.397,29.1170888,7.518,15,percent cover - GAMM Means,,2.378,8.206851711,2.119,15,1.652,10.42607117,2.692,15,percent cover - GAMM Means,encrusting fleshy,20.885,12.35868986,3.191,15,5.622,13.21849216,3.413,15,percent cover - GAMM Means,1.497,2.199854541,0.568,15,5.082,7.149527257,1.846,15,percent cover - GAMM Means,"ascidians, bryozoans, sponges"
10-Doropoulos_et_al_2017,Doropoulos_et_al_2017,Doropoulos_et_al_2017_LowWaveExposure,"Low Wave Exposure, Crevice",Foliose,,,wave exposure + microhabitat + macroalgae functional group,Doropoulos et al.,2017,2013,April,Spring,2,Central Indo-Pacific,West Caroline Islands,7.5,Micronesia,Palau,Low Wave Exposure,7.280546667,134.5170513,N,6,19,7,tiles,crevice,not mentioned,0,36.65,g/m2,36.65,,,,,,,,,,,,,,,,,,,,,,,,,,,,,,3.848,5.275003318,1.362,15,10.419,22.23867037,5.742,15,percent cover - GAMM Means,foliose,,,,,,,,,,,,,,,,,,,
10-Doropoulos_et_al_2017,Doropoulos_et_al_2017,Doropoulos_et_al_2017_LowWaveExposure,"Low Wave Exposure, Crown",Foliose,,,wave exposure + microhabitat + macroalgae functional group,Doropoulos et al.,2017,2013,April,Spring,2,Central Indo-Pacific,West Caroline Islands,7.5,Micronesia,Palau,Low Wave Exposure,7.280546667,134.5170513,N,6,19,7,tiles,crown,not mentioned,0,36.65,g/m2,36.65,,,,,,,,,,,,,,,,,,,,,,,,,,,,,,2.289,3.315273744,0.856,15,9.7,24.99236153,6.453,15,percent cover - GAMM Means,foliose,,,,,,,,,,,,,,,,,,,
12-McAndrews_et_al_2019,McAndrews_et_al_2019,McAndrews_et_al_2019_Fishing,Fishing,,,,fisheries management,McAndrews et al.,2019,2015,October,Spring,1,Central Indo-Pacific,Fiji Islands,8.4,Melanesia,Fiji,Fishing Allowed (non-tabu),-18.153041,178.340239,N,2,3,4,tiles,,explicitly say no preconditioning,0,32.8,g/m2,32.8,,,,,,,,,,,,,,,,,,,,3.028,1.132,0.283,16,12.837,14.788,3.697,16,canopy height (mm),,,,,,,,,,,,,,,,,,,,,,,,,,,,,,
12-McAndrews_et_al_2019,McAndrews_et_al_2019,McAndrews_et_al_2019_NoFishing,No Fishing,,,,fisheries management,McAndrews et al.,2019,2015,October,Spring,1,Central Indo-Pacific,Fiji Islands,8.4,Melanesia,Fiji,No Fishing (tabu),-18.137443,178.3733905,Y,2,3,4,tiles,,,0,19.4,g/m2,19.4,,,,,,,,,,,,,,,,,,,,1.893,0.752,0.188,16,16.28,10.528,2.632,16,canopy height (mm),,,,,,,,,,,,,,,,,,,,,,,,,,,,,,
13-PlassJohnson_et_al_2016,PlassJohnson_et_al_2016,PlassJohnson_et_al_2016_Badi,Badi,,,Mussels,site + invertebrates,Plass-Johnson et al.,2016,2012,November,Spring,4,Central Indo-Pacific,Sulawesi Sea/Makassar Strait,6.6,Southeast Asia,Indonesia,Badi,-4.015833,119.004444,N,3,4,5,tiles,,not mentioned,0,4.902,g/m2,4.902,,,,,,,,,,,,,,,,,,,,76.851,0,0,6,54.866,25.29588057,10.327,6,percent cover,,0,0,0,6,0,0,0,6,percent cover,,0.881,0,0,6,1.145,2.650347902,1.082,6,percent cover,0,0,0,6,0,0,0,6,percent cover,mussels
13-PlassJohnson_et_al_2016,PlassJohnson_et_al_2016,PlassJohnson_et_al_2016_Badi,Badi,,,Bryozoans,site + invertebrates,Plass-Johnson et al.,2016,2012,November,Spring,4,Central Indo-Pacific,Sulawesi Sea/Makassar Strait,6.6,Southeast Asia,Indonesia,Badi,-4.015833,119.004444,N,3,4,5,tiles,,,0,4.902,g/m2,4.902,,,,,,,,,,,,,,,,,,,,,,,,,,,,,,,,,,,,,,,,,,,,,,,,,0,0,0,6,0,0,0,6,percent cover,bryozoans
13-PlassJohnson_et_al_2016,PlassJohnson_et_al_2016,PlassJohnson_et_al_2016_Badi,Badi,,,Tube Worms,site + invertebrates,Plass-Johnson et al.,2016,2012,November,Spring,4,Central Indo-Pacific,Sulawesi Sea/Makassar Strait,6.6,Southeast Asia,Indonesia,Badi,-4.015833,119.004444,N,3,4,5,tiles,,,0,4.902,g/m2,4.902,,,,,,,,,,,,,,,,,,,,,,,,,,,,,,,,,,,,,,,,,,,,,,,,,0,0,0,6,3,0,0,6,percent cover,tube worms
13-PlassJohnson_et_al_2016,PlassJohnson_et_al_2016,PlassJohnson_et_al_2016_Badi,Badi,,,Barnacles,site + invertebrates,Plass-Johnson et al.,2016,2012,November,Spring,4,Central Indo-Pacific,Sulawesi Sea/Makassar Strait,6.6,Southeast Asia,Indonesia,Badi,-4.015833,119.004444,N,3,4,5,tiles,,,0,4.902,g/m2,4.902,,,,,,,,,,,,,,,,,,,,,,,,,,,,,,,,,,,,,,,,,,,,,,,,,0,0,0,6,0,0,0,6,percent cover,barnacles
13-PlassJohnson_et_al_2016,PlassJohnson_et_al_2016,PlassJohnson_et_al_2016_Badi,Badi,,,Sponges,site + invertebrates,Plass-Johnson et al.,2016,2012,November,Spring,4,Central Indo-Pacific,Sulawesi Sea/Makassar Strait,6.6,Southeast Asia,Indonesia,Badi,-4.015833,119.004444,N,3,4,5,tiles,,,0,4.902,g/m2,4.902,,,,,,,,,,,,,,,,,,,,,,,,,,,,,,,,,,,,,,,,,,,,,,,,,0,0,0,6,0,0,0,6,percent cover,sponge
13-PlassJohnson_et_al_2016,PlassJohnson_et_al_2016,PlassJohnson_et_al_2016_BarrangLompo,Barrang Lompo,,,Mussels,site + invertebrates,Plass-Johnson et al.,2016,2012,November,Spring,4,Central Indo-Pacific,Sulawesi Sea/Makassar Strait,6.6,Southeast Asia,Indonesia,Barrang Lompo,-5.000556,119.005278,N,3,4,5,tiles,,,0,4.754,g/m2,4.754,,,,,,,,,,,,,,,,,,,,56.585,51.9169351,21.195,6,29.398,28.33079837,11.566,6,percent cover,,12.425,32.80601613,13.393,6,0.673,0,0,6,percent cover,,3.709,7.1402626,2.915,6,1.452,1.447648438,0.591,6,percent cover,0,0,0,6,0,0,0,6,percent cover,mussels
13-PlassJohnson_et_al_2016,PlassJohnson_et_al_2016,PlassJohnson_et_al_2016_BarrangLompo,Barrang Lompo,,,Bryozoans,site + invertebrates,Plass-Johnson et al.,2016,2012,November,Spring,4,Central Indo-Pacific,Sulawesi Sea/Makassar Strait,6.6,Southeast Asia,Indonesia,Barrang Lompo,-5.000556,119.005278,N,3,4,5,tiles,,,0,4.754,g/m2,4.754,,,,,,,,,,,,,,,,,,,,,,,,,,,,,,,,,,,,,,,,,,,,,,,,,0,0,0,6,0,0,0,6,percent cover,bryozoans
13-PlassJohnson_et_al_2016,PlassJohnson_et_al_2016,PlassJohnson_et_al_2016_BarrangLompo,Barrang Lompo,,,Tube Worms,site + invertebrates,Plass-Johnson et al.,2016,2012,November,Spring,4,Central Indo-Pacific,Sulawesi Sea/Makassar Strait,6.6,Southeast Asia,Indonesia,Barrang Lompo,-5.000556,119.005278,N,3,4,5,tiles,,,0,4.754,g/m2,4.754,,,,,,,,,,,,,,,,,,,,,,,,,,,,,,,,,,,,,,,,,,,,,,,,,0,0,0,6,0,0,0,6,percent cover,tube worms
13-PlassJohnson_et_al_2016,PlassJohnson_et_al_2016,PlassJohnson_et_al_2016_BarrangLompo,Barrang Lompo,,,Barnacles,site + invertebrates,Plass-Johnson et al.,2016,2012,November,Spring,4,Central Indo-Pacific,Sulawesi Sea/Makassar Strait,6.6,Southeast Asia,Indonesia,Barrang Lompo,-5.000556,119.005278,N,3,4,5,tiles,,,0,4.754,g/m2,4.754,,,,,,,,,,,,,,,,,,,,,,,,,,,,,,,,,,,,,,,,,,,,,,,,,0,0,0,6,0,0,0,6,percent cover,barnacles
13-PlassJohnson_et_al_2016,PlassJohnson_et_al_2016,PlassJohnson_et_al_2016_BarrangLompo,Barrang Lompo,,,Sponges,site + invertebrates,Plass-Johnson et al.,2016,2012,November,Spring,4,Central Indo-Pacific,Sulawesi Sea/Makassar Strait,6.6,Southeast Asia,Indonesia,Barrang Lompo,-5.000556,119.005278,N,3,4,5,tiles,,,0,4.754,g/m2,4.754,,,,,,,,,,,,,,,,,,,,,,,,,,,,,,,,,,,,,,,,,,,,,,,,,0,0,0,6,0,0,0,6,percent cover,sponge
13-PlassJohnson_et_al_2016,PlassJohnson_et_al_2016,PlassJohnson_et_al_2016_LaeLae,Lae Lae,,,Mussels,site + invertebrates,Plass-Johnson et al.,2016,2012,November,Spring,4,Central Indo-Pacific,Sulawesi Sea/Makassar Strait,6.6,Southeast Asia,Indonesia,Lae Lae,-5.002222,119.006389,N,3,4,5,tiles,,,0,0,g/m2,0,,,,,,,,,,,,,,,,,,,,6.562,10.43727579,4.261,6,3.988,0,0,6,percent cover,,0,0,0,6,0,0,0,6,percent cover,,0,0,0,6,4.149,3.936330017,1.607,6,percent cover,0,0,0,6,0,0,0,6,percent cover,mussels
13-PlassJohnson_et_al_2016,PlassJohnson_et_al_2016,PlassJohnson_et_al_2016_LaeLae,Lae Lae,,,Bryozoans,site + invertebrates,Plass-Johnson et al.,2016,2012,November,Spring,4,Central Indo-Pacific,Sulawesi Sea/Makassar Strait,6.6,Southeast Asia,Indonesia,Lae Lae,-5.002222,119.006389,N,3,4,5,tiles,,,0,0,g/m2,0,,,,,,,,,,,,,,,,,,,,,,,,,,,,,,,,,,,,,,,,,,,,,,,,,0,0,0,6,0,0,0,6,percent cover,bryozoans
13-PlassJohnson_et_al_2016,PlassJohnson_et_al_2016,PlassJohnson_et_al_2016_LaeLae,Lae Lae,,,Tube Worms,site + invertebrates,Plass-Johnson et al.,2016,2012,November,Spring,4,Central Indo-Pacific,Sulawesi Sea/Makassar Strait,6.6,Southeast Asia,Indonesia,Lae Lae,-5.002222,119.006389,N,3,4,5,tiles,,,0,0,g/m2,0,,,,,,,,,,,,,,,,,,,,,,,,,,,,,,,,,,,,,,,,,,,,,,,,,3.904,4.76425755,1.945,6,11.079,5.116984073,2.089,6,percent cover,tube worms
13-PlassJohnson_et_al_2016,PlassJohnson_et_al_2016,PlassJohnson_et_al_2016_LaeLae,Lae Lae,,,Barnacles,site + invertebrates,Plass-Johnson et al.,2016,2012,November,Spring,4,Central Indo-Pacific,Sulawesi Sea/Makassar Strait,6.6,Southeast Asia,Indonesia,Lae Lae,-5.002222,119.006389,N,3,4,5,tiles,,,0,0,g/m2,0,,,,,,,,,,,,,,,,,,,,,,,,,,,,,,,,,,,,,,,,,,,,,,,,,34.091,28.32834888,11.565,6,35.254,16.72511596,6.828,6,percent cover,barnacles
13-PlassJohnson_et_al_2016,PlassJohnson_et_al_2016,PlassJohnson_et_al_2016_LaeLae,Lae Lae,,,Sponges,site + invertebrates,Plass-Johnson et al.,2016,2012,November,Spring,4,Central Indo-Pacific,Sulawesi Sea/Makassar Strait,6.6,Southeast Asia,Indonesia,Lae Lae,-5.002222,119.006389,N,3,4,5,tiles,,,0,0,g/m2,0,,,,,,,,,,,,,,,,,,,,,,,,,,,,,,,,,,,,,,,,,,,,,,,,,0,0,0,6,0,0,0,6,percent cover,sponge
14-Higgins_et_al_2019,Higgins_et_al_2019,Higgins_et_al_2019,Top of Tile,,,,tile orientation,Higgins et al.,2019,2016,March,Spring,7,Western Indo-Pacific,Northern and Central Red Sea,10.3,Red Sea,Israel,one site,29.500958,34.917117,Y,1,7,11.5,tiles,top,not mentioned,0,1.6204,kg/100m2,16.204,0.248,0.5402295808,0.191,8,0.631,0.7806458864,0.276,8,count,top,,,,,,,,,,,,,,,,,,,,,,,,,,,,,,,,,,,,,,,1.131,2.078893937,0.735,8,1.003,1.055003318,0.373,8,biomass (g/400cm2),"sponges, ascidians, bivalves, bryozoans, polychaetes, soft coral, anemones"
14-Higgins_et_al_2019,Higgins_et_al_2019,Higgins_et_al_2019,Bottom of Tile,,,,tile orientation,Higgins et al.,2019,2016,March,Spring,7,Western Indo-Pacific,Northern and Central Red Sea,10.3,Red Sea,Israel,one site,29.500958,34.917117,Y,1,7,11.5,tiles,bottom,not mentioned,0,1.6204,kg/100m2,16.204,4.999,4.186072145,1.48,8,3.751,3.136725681,1.109,8,count,bottom,,,,,,,,,,,,,,,,,,,,,,,,,,,,,,,,,,,,,,,,,,,,,,,,
15-Wakwella_et_al_2020,Wakwella_et_al_2020,Wakwella_et_al_2020,,Encrusting Foliose,,,macroalgae functional group,Wakwella et al.,2020,2016,May,Spring,4,Central Indo-Pacific,West Caroline Islands,7.5,Micronesia,Palau,averaged,7.555179333,134.5264073,N,15,13,5.5,tiles,,not mentioned,0,21.411,g/m2 day,21.411,0.76,1.11917484,0.327,45,0.373,0.63317231,0.185,45,probability of recruitment,whole tile?,,,,,,,,,,37.667,39.52364235,11.548,45,30.754,40.20815296,11.748,45,percent cover - GAMM,,5.686,10.50381524,3.069,45,1.876,1.601754817,0.468,45,percent cover - GAMM,encrusting foliose,,,,,,,,,,2.516,2.282842869,0.667,45,4.221,5.4281691,1.586,45,percent cover - GAMM,"ascidians, sponges"
15-Wakwella_et_al_2020,Wakwella_et_al_2020,Wakwella_et_al_2020,,Upright Foliose,,,macroalgae functional group,Wakwella et al.,2020,2016,May,Spring,4,Central Indo-Pacific,West Caroline Islands,7.5,Micronesia,Palau,averaged,7.555179333,134.5264073,N,15,13,5.5,tiles,,not mentioned,0,21.411,g/m2 day,21.411,,,,,,,,,,,,,,,,,,,,,,,,,,,,,,14.858,24.27616862,7.093,45,17.49,15.63422223,4.568,45,percent cover - GAMM,upright foliose,,,,,,,,,,,,,,,,,,,
16-Smith_et_al_2010,Smith_et_al_2010,Smith_et_al_2010,Single Estimate,,,,none,Smith et al.,2010,1999,February,Winter,10,Eastern Indo-Pacific,Hawaiian Islands,11.4,Polynesia,Hawaii,one site,19.966667,-155.833333,Y,1,13,12,tiles,,not mentioned,0,50.66,g/m2,50.66,1.703,0,0,3,0.005,0,0,3,percent cover,top,,,,,,,,,,24.419,9.772230656,5.642,3,82.302,10.37671639,5.991,3,percent cover,,2.416,0,0,3,7.026,9.363466666,5.406,3,percent cover,,47.891,11.54931478,6.668,3,5.59,2.184116068,1.261,3,percent cover,2.927,0,0,3,4.997,4.924220446,2.843,3,percent cover,not specified
17-Roth_et_al_2015,Roth_et_al_2015,Roth_et_al_2015,Single Estimate,,,,none,Roth et al.,2015,2013,October,Fall,12,Tropical Eastern Pacific,Nicoya,10.8,Eastern Pacific,Costa Rica,one site,10.5385,-85.765111,N,1,6,6,tiles,,not mentioned,0,21.2,g/m2,21.2,,,,,,,,,,,,,,,,,,,,41.206,4.01142967,0.579,48,14.524,29.18852021,4.213,48,percent cover,,0,0,0,48,19.076,31.48175548,4.544,48,percent cover,,13.358,7.461674879,1.077,48,0,0,0,48,percent cover,0,0,0,48,53.057,16.5099083,2.383,48,percent cover,tunicates
18-Ceccarelli_et_al_2011,Ceccarelli_et_al_2011,Ceccarelli_et_al_2011,,Hypnea spp.,,,macroalgae functional group,Ceccarelli et al.,2011,2002,December,Summer,6,Central Indo-Pacific,Central and Southern Great Barrier Reef,4.5,Great Barrier Reef,Magnetic Island,one site,-19.1,147.457222,N,1,12,NA,tiles,,not mentioned,0,NA,NA,NA,,,,,,,,,,,,,,,,,,,,,,,,,,,,,,0,23.6385797,3.343,50,0,23.6385797,3.343,50,percent cover,Hypnea spp.,,,,,,,,,,,,,,,,,,,
18-Ceccarelli_et_al_2011,Ceccarelli_et_al_2011,Ceccarelli_et_al_2011,,Chondria spp.,,,macroalgae functional group,Ceccarelli et al.,2011,2002,December,Summer,6,Central Indo-Pacific,Central and Southern Great Barrier Reef,4.5,Great Barrier Reef,Magnetic Island,one site,-19.1,147.457222,N,1,12,NA,tiles,,not mentioned,0,NA,NA,NA,,,,,,,,,,,,,,,,,,,,,,,,,,,,,,3.874,9.927779208,1.404,50,0.133,2.022325394,0.286,50,percent cover,Chondria spp.,,,,,,,,,,,,,,,,,,,
18-Ceccarelli_et_al_2011,Ceccarelli_et_al_2011,Ceccarelli_et_al_2011,,Peyssonnellidae,,,macroalgae functional group,Ceccarelli et al.,2011,2002,December,Summer,6,Central Indo-Pacific,Central and Southern Great Barrier Reef,4.5,Great Barrier Reef,Magnetic Island,one site,-19.1,147.457222,N,1,12,NA,tiles,,not mentioned,0,NA,NA,NA,,,,,,,,,,,,,,,,,,,,,,,,,,,,,,17.042,26.30437226,3.72,50,47.004,57.82719257,8.178,50,percent cover,Peyssonnellidae,,,,,,,,,,,,,,,,,,,
18-Ceccarelli_et_al_2011,Ceccarelli_et_al_2011,Ceccarelli_et_al_2011,,L. implicata,,,macroalgae functional group,Ceccarelli et al.,2011,2002,December,Summer,6,Central Indo-Pacific,Central and Southern Great Barrier Reef,4.5,Great Barrier Reef,Magnetic Island,one site,-19.1,147.457222,N,1,12,NA,tiles,,not mentioned,0,NA,NA,NA,,,,,,,,,,,,,,,,,,,,,,,,,,,,,,1.172,0,0,50,1.172,0,0,50,percent cover,L. implicata,,,,,,,,,,,,,,,,,,,
18-Ceccarelli_et_al_2011,Ceccarelli_et_al_2011,Ceccarelli_et_al_2011,,Polysiphonia spp.,,,macroalgae functional group,Ceccarelli et al.,2011,2002,December,Summer,6,Central Indo-Pacific,Central and Southern Great Barrier Reef,4.5,Great Barrier Reef,Magnetic Island,one site,-19.1,147.457222,N,1,12,NA,tiles,,not mentioned,0,NA,NA,NA,,,,,,,,,,,,,,,,,,,,,,,,,,,,,,19.351,25.56898121,3.616,50,2.42,0,0,50,percent cover,Polysiphonia spp.,,,,,,,,,,,,,,,,,,,
18-Ceccarelli_et_al_2011,Ceccarelli_et_al_2011,Ceccarelli_et_al_2011,,Fleshy,,,macroalgae functional group,Ceccarelli et al.,2011,2002,December,Summer,6,Central Indo-Pacific,Central and Southern Great Barrier Reef,4.5,Great Barrier Reef,Magnetic Island,one site,-19.1,147.457222,N,1,12,NA,tiles,,not mentioned,0,NA,NA,NA,,,,,,,,,,,,,,,,,,,,,,,,,,,,,,17.511,62.29610742,8.81,50,12.96,94.47653703,13.361,50,percent cover,Fleshy,,,,,,,,,,,,,,,,,,,
18-Ceccarelli_et_al_2011,Ceccarelli_et_al_2011,Ceccarelli_et_al_2011,,P. herpa,,,macroalgae functional group,Ceccarelli et al.,2011,2002,December,Summer,6,Central Indo-Pacific,Central and Southern Great Barrier Reef,4.5,Great Barrier Reef,Magnetic Island,one site,-19.1,147.457222,N,1,12,NA,tiles,,not mentioned,0,NA,NA,NA,,,,,,,,,,,,,,,,,,,,,,,,,,,,,,9.316,27.13875826,3.838,50,0,0,0,50,percent cover,P. herpa,,,,,,,,,,,,,,,,,,,
18-Ceccarelli_et_al_2011,Ceccarelli_et_al_2011,Ceccarelli_et_al_2011,,Callithamnion spp.,,,macroalgae functional group,Ceccarelli et al.,2011,2002,December,Summer,6,Central Indo-Pacific,Central and Southern Great Barrier Reef,4.5,Great Barrier Reef,Magnetic Island,one site,-19.1,147.457222,N,1,12,NA,tiles,,not mentioned,0,NA,NA,NA,,,,,,,,,,,,,,,,,,,,,,,,,,,,,,0.965,0,0,50,0,0,0,50,percent cover,Callithamnion spp.,,,,,,,,,,,,,,,,,,,
20-Shantz_et_al_2020,Shantz_et_al_2020,Shantz_et_al_2020,Single Estimate,,,,none,Shantz et al.,2020,2013,July,Summer,1,Tropical Atlantic,Floridian,7.9,Caribbean,Florida Keys,one site,24.95,-80.473889,Y,1,14,7,tiles,,not mentioned,0,23.943,g/m2,23.943,1.208,1.259037728,0.257,24,1.875,1.70974384,0.349,24,count,whole tile,7.884,5.687715183,1.161,24,79.373,45.22737861,9.232,24,biomass (g dry mass/m2),,,,,,,,,,,,,,,,,,,,,,,,,,,,,,,,,,,,,,,
21-Duran_et_al_2016,Duran_et_al_2016,Duran_et_al_2016,Succession Tiles,Filamentous,,,experiment + macroalgae functional group,Duran et al.,2016,2011,September,Fall,2,Tropical Atlantic,Floridian,7.9,Caribbean,Florida Keys,one site,25.001389,-80.415278,Y,1,10,5.5,tiles,,not mentioned,0,5087.17,g/100m2,50.872,,,,,,,,,,,,,,,,,,,,,,,,,,,,,,51.873,42.22,10.555,16,28.654,45.096,11.274,16,percent cover,filamentous,,,,,,,,,,,,,,,,,,,
21-Duran_et_al_2016,Duran_et_al_2016,Duran_et_al_2016,Succession Tiles,Foliose,,,experiment + macroalgae functional group,Duran et al.,2016,2011,September,Fall,2,Tropical Atlantic,Floridian,7.9,Caribbean,Florida Keys,one site,25.001389,-80.415278,Y,1,10,5.5,tiles,,not mentioned,0,5087.17,g/100m2,50.872,,,,,,,,,,,,,,,,,,,,,,,,,,,,,,0.151,0.824,0.206,16,33.334,13.28,3.32,16,percent cover,foliose,,,,,,,,,,,,,,,,,,,
21-Duran_et_al_2016,Duran_et_al_2016,Duran_et_al_2016,Succession Tiles,Leathery,,,experiment + macroalgae functional group,Duran et al.,2016,2011,September,Fall,2,Tropical Atlantic,Floridian,7.9,Caribbean,Florida Keys,one site,25.001389,-80.415278,Y,1,10,5.5,tiles,,not mentioned,0,5087.17,g/100m2,50.872,,,,,,,,,,,,,,,,,,,,,,,,,,,,,,0.598,2.616,0.654,16,16.805,66.08,16.52,16,percent cover,leathery,,,,,,,,,,,,,,,,,,,
21-Duran_et_al_2016,Duran_et_al_2016,Duran_et_al_2016,Succession Tiles,Articulated Calcareous,,,experiment + macroalgae functional group,Duran et al.,2016,2011,September,Fall,2,Tropical Atlantic,Floridian,7.9,Caribbean,Florida Keys,one site,25.001389,-80.415278,Y,1,10,5.5,tiles,,not mentioned,0,5087.17,g/100m2,50.872,,,,,,,,,,,,,,,,,,,,,,,,,,,,,,0,0,0,16,6.729,26.16,6.54,16,percent cover,articulated calcareous,,,,,,,,,,,,,,,,,,,
21-Duran_et_al_2016,Duran_et_al_2016,Duran_et_al_2016,Succession Tiles,Crustose,,,experiment + macroalgae functional group,Duran et al.,2016,2011,September,Fall,2,Tropical Atlantic,Floridian,7.9,Caribbean,Florida Keys,one site,25.001389,-80.415278,Y,1,10,5.5,tiles,,not mentioned,0,5087.17,g/100m2,50.872,,,,,,,,,,,,,,,,,,,,,,,,,,,,,,0.543,2.676,0.669,16,0,0,0,16,percent cover,crustose,,,,,,,,,,,,,,,,,,,
21-Duran_et_al_2016,Duran_et_al_2016,Duran_et_al_2016,"Recruitment Tiles, Fall",,,,experiment + season,Duran et al.,2016,2011,September,Fall,1,Tropical Atlantic,Floridian,7.9,Caribbean,Florida Keys,one site,25.001389,-80.415278,Y,1,3,5.5,tiles,,not mentioned,0,5087.17,g/100m2,50.872,,,,,,,,,,,,,,,,,,,,,,,,,,,,,,6.694,7.744233468,1.369,32,4.82,8.445683394,1.493,32,percent cover,,,,,,,,,,,,,,,,,,,,
21-Duran_et_al_2016,Duran_et_al_2016,Duran_et_al_2016,"Recruitment Tiles, Winter",,,,experiment + season,Duran et al.,2016,2011,December,Winter,1,Tropical Atlantic,Floridian,7.9,Caribbean,Florida Keys,one site,25.001389,-80.415278,Y,1,3,5.5,tiles,,not mentioned,0,5087.17,g/100m2,50.872,,,,,,,,,,,,,,,,,,,,,,,,,,,,,,3.45,2.551241267,0.451,32,4.748,6.245167091,1.104,32,percent cover,,,,,,,,,,,,,,,,,,,,
21-Duran_et_al_2016,Duran_et_al_2016,Duran_et_al_2016,"Recruitment Tiles, Spring",,,,experiment + season,Duran et al.,2016,2012,March,Spring,1,Tropical Atlantic,Floridian,7.9,Caribbean,Florida Keys,one site,25.001389,-80.415278,Y,1,3,5.5,tiles,,not mentioned,0,5087.17,g/100m2,50.872,,,,,,,,,,,,,,,,,,,,,,,,,,,,,,11.086,6.465784407,1.143,32,9.318,8.836006338,1.562,32,percent cover,,,,,,,,,,,,,,,,,,,,
22-Mumby_et_al_2016,Mumby_et_al_2016,Mumby_et_al_2016,Single Estimate,,,,none,Mumby et al.,2016,2009,September,Spring,1,Eastern Indo-Pacific,Society Islands,19.5,Polynesia,Moorea,one site,-17.4859774,-149.9091004,N,1,12,10,tiles,,not mentioned,0,4761,g/120m2,39.675,0.5,1.35,0.27,25,0.083,1.485,0.297,25,probability of recruitment,whole tile,,,,,,,,,,,,,,,,,,,,,,,,,,,,,,,,,,,,,,,,,,,,,,,,
23-Roff_et_al_2015,Roff_et_al_2015,Roff_et_al_2015,Crowns,,,,microhabitat,Roff et al.,2015,2013,April,Spring,1,Central Indo-Pacific,West Caroline Islands,7.5,Micronesia,Palau,averaged sites,7.282389,134.468476,N,3,3.333333333,7,tiles,crown,explicitly said they weren't conditoned,0,36.65,g/m2,36.65,,,,,,,,,,,,,,,,,,,,,,,,,,,,,,6.73,4.621952509,2.067,5,28.808,18.99763354,8.496,5,percent cover,,,,,,,,,,,,,,,,,,,,
23-Roff_et_al_2015,Roff_et_al_2015,Roff_et_al_2015,Crevices,,,,microhabitat,Roff et al.,2015,2013,April,Spring,1,Central Indo-Pacific,West Caroline Islands,7.5,Micronesia,Palau,averaged sites,7.282389,134.468476,N,3,3.333333333,7,tiles,crevice,explicitly said they weren't conditoned,0,36.65,g/m2,36.65,,,,,,,,,,,,,,,,,,,,,,,,,,,,,,12.489,4.228404545,1.891,5,16.789,7.812821513,3.494,5,percent cover,,,,,,,,,,,,,,,,,,,,
25-Puk_et_al_2020,Puk_et_al_2020_A,Puk_et_al_2020_A,Single Estimate,,,,none,Puk et al.,2020,2017,September,Fall,2,Central Indo-Pacific,West Caroline Islands,7.5,Micronesia,Palau,averaged sites,7.274417,134.458611,N,3,0.75,5,tiles,,not mentioned,0,36.65,g/m2,36.65,,,,,,,,,,,,,,,,,,,,,,,,,,,,,,0.004,0.005196152423,0.003,3,0.082,0.04110960958,0.013,10,density (per cm2),Lobophora,,,,,,,,,,,,,,,,,,,
26-Duran_et_al_2018,Duran_et_al_2018,Duran_et_al_2018,,Crustose,Turf,,macroalgae functional group + turf functional group,Duran et al.,2018,2013,August,Summer,8,Tropical Atlantic,Floridian,7.9,Caribbean,Florida Keys,one site,24.95,-80.45,N,1,12,7,tiles,,not mentioned,0,23.943,g/m2,23.943,,,,,,,,,,,,,,,,,,,,60.78,32.65904674,13.333,6,40.883,22.6626791,9.252,6,percent cover,turf,10.23,10.73121456,4.381,6,5.579,0,0,6,percent cover,crustose,,,,,,,,,,,,,,,,,,,
26-Duran_et_al_2018,Duran_et_al_2018,Duran_et_al_2018,,Dictyota,Turf and Sediment,,macroalgae functional group + turf functional group,Duran et al.,2018,2013,August,Summer,8,Tropical Atlantic,Floridian,7.9,Caribbean,Florida Keys,one site,24.95,-80.45,N,1,12,7,tiles,,not mentioned,0,23.943,g/m2,23.943,,,,,,,,,,,,,,,,,,,,0,0,0,6,0,0,0,6,percent cover,turf and sediment,4.836,0,0,6,7.702,0,0,6,percent cover,Dictyota,,,,,,,,,,,,,,,,,,,
26-Duran_et_al_2018,Duran_et_al_2018,Duran_et_al_2018,,Articulated Calcareous,,,macroalgae functional group + turf functional group,Duran et al.,2018,2013,August,Summer,8,Tropical Atlantic,Floridian,7.9,Caribbean,Florida Keys,one site,24.95,-80.45,N,1,12,7,tiles,,not mentioned,0,23.943,g/m2,23.943,,,,,,,,,,,,,,,,,,,,,,,,,,,,,,8.319,6.647915162,2.714,6,45.896,14.02332878,5.725,6,percent cover,articulated calcareous,,,,,,,,,,,,,,,,,,,
27-Kuempel_Altieri_2017,Kuempel_and_Altieri_2017,Kuempel_and_Altieri_2017,Single Estimate,,,,none,Kuempel and Altieri,2017,2013,July,Summer,1,Tropical Atlantic,Southwestern Caribbean,7.4,Caribbean,Panama,averaged sites,9.329314,-82.317362,N,12,5,6,tiles,,10 days in flow-through seawater tank,0.3333333333,9.245742092,g/m2,9.245742092,,,,,,,,,,,0,0,0,7.3,17.066,13.00130806,4.812,7.3,wet biomass (g/400 cm2),,,,,,,,,,,,,,,,,,,,,,,,,,,,,,,,,,,,,,,
28-Humphries_et_al_2014,Humphries_et_al_2014,Humphries_et_al_2014_Fishing,Fishing,,,,fisheries management,Humphries et al.,2014,2011,September,Spring,7,Western Indo-Pacific,East African Coral Coast,8.1,Indian Ocean,Kenya,Fished Reef,-3.9872625,39.759079,N,2,13,2.5,tiles,,not mentioned,0,8.75,kg/ha,0.875,,,,,,,,,,,,,,,,,,,,,,,,,,,,,,6.937,23.25055664,2.373,96,59.28,63.00087618,6.43,96,percent cover,,,,,,,,,,,,,,,,,,,,
28-Humphries_et_al_2014,Humphries_et_al_2014,Humphries_et_al_2014_NoFishing_CommunityManaged,No Fishing - Community Managed,,,,fisheries management,Humphries et al.,2014,2011,September,Spring,7,Western Indo-Pacific,East African Coral Coast,8.1,Indian Ocean,Kenya,Community Closure,-3.8842265,39.805423,Y,2,13,2.5,tiles,,,0,193.15,kg/ha,19.315,,,,,,,,,,,,,,,,,,,,,,,,,,,,,,47.188,65.98925367,6.735,96,55.785,87.23122872,8.903,96,percent cover,,,,,,,,,,,,,,,,,,,,
28-Humphries_et_al_2014,Humphries_et_al_2014,Humphries_et_al_2014_NoFishing_GovernmentManaged,No Fishing - Govt Managed,,,,fisheries management,Humphries et al.,2014,2011,September,Spring,7,Western Indo-Pacific,East African Coral Coast,8.1,Indian Ocean,Kenya,Government Closure,-3.6543495,39.92008,Y,2,13,2.5,tiles,,,0,517.75,kg/ha,51.775,,,,,,,,,,,,,,,,,,,,,,,,,,,,,,2.559,0,0,96,56.819,37.73194,3.851,96,percent cover,,,,,,,,,,,,,,,,,,,,
29-Jessen_et_al_2013,Jessen_et_al_2013,Jessen_et_al_2013,,Filamentous,,,macroalgae functional group,Jessen et al.,2013,2011,June,Summer,5,Western Indo-Pacific,Northern and Central Red Sea,10.3,Red Sea,Saudi Arabia,one site,22.309167,38.951944,N,1,4,5.5,tiles,,not mentioned,0,19.72,g/m2,19.72,,,,,,,,,,,,,,,,,,,,,,,,,,,,,,0,0,0,24,14.806,67.07682712,13.692,24,percent cover,filamentous,0,0,0,24,0,0,0,24,percent cover,0,0,0,24,0,0,0,24,percent cover,not specified
29-Jessen_et_al_2013,Jessen_et_al_2013,Jessen_et_al_2013,,Green Crusts,,,macroalgae functional group,Jessen et al.,2013,2011,June,Summer,5,Western Indo-Pacific,Northern and Central Red Sea,10.3,Red Sea,Saudi Arabia,one site,22.309167,38.951944,N,1,4,5.5,tiles,,not mentioned,0,19.72,g/m2,19.72,,,,,,,,,,,,,,,,,,,,,,,,,,,,,,38.918,13.23214359,2.701,24,27.887,51.13554787,10.438,24,percent cover,green crusts,,,,,,,,,,,,,,,,,,,
29-Jessen_et_al_2013,Jessen_et_al_2013,Jessen_et_al_2013,,Red Crusts,,,macroalgae functional group,Jessen et al.,2013,2011,June,Summer,5,Western Indo-Pacific,Northern and Central Red Sea,10.3,Red Sea,Saudi Arabia,one site,22.309167,38.951944,N,1,4,5.5,tiles,,not mentioned,0,19.72,g/m2,19.72,,,,,,,,,,,,,,,,,,,,,,,,,,,,,,0,0,0,24,0,0,0,24,percent cover,red crusts,,,,,,,,,,,,,,,,,,,
29-Jessen_et_al_2013,Jessen_et_al_2013,Jessen_et_al_2013,,Brown Crusts,,,macroalgae functional group,Jessen et al.,2013,2011,June,Summer,5,Western Indo-Pacific,Northern and Central Red Sea,10.3,Red Sea,Saudi Arabia,one site,22.309167,38.951944,N,1,4,5.5,tiles,,not mentioned,0,19.72,g/m2,19.72,,,,,,,,,,,,,,,,,,,,,,,,,,,,,,12.863,9.719575299,1.984,24,15.747,32.73008194,6.681,24,percent cover,brown crusts,,,,,,,,,,,,,,,,,,,
29-Jessen_et_al_2013,Jessen_et_al_2013,Jessen_et_al_2013,,Red Macroalgae,,,macroalgae functional group,Jessen et al.,2013,2011,June,Summer,5,Western Indo-Pacific,Northern and Central Red Sea,10.3,Red Sea,Saudi Arabia,one site,22.309167,38.951944,N,1,4,5.5,tiles,,not mentioned,0,19.72,g/m2,19.72,,,,,,,,,,,,,,,,,,,,,,,,,,,,,,0,0,0,24,0.255,1.151260179,0.235,24,percent cover,red,,,,,,,,,,,,,,,,,,,
30-Doropoulos_et_al_2013,Doropoulos_et_al_2013,Doropoulos_et_al_2013_Lagoon1,Lagoon 1,Foliose,,,site + macroalgae functional group,Doropoulos et al.,2013,2008,August,Winter,1,Central Indo-Pacific,Ningaloo,3.9,Western Australia,Ningaloo Reef,Lagoon 1,-22.145052,113.860783,Y,4,7,1.75,tiles,,not mentioned,0,5057.139667,g/100m2,50.571,,,,,,,,,,,,,,,,,,,,0,0,0,12,3.656,4.146529633,1.197,12,percent cover,,0,0,0,12,12.679,32.89510894,9.496,12,percent cover,foliose,92.173,9.366930767,2.704,12,71.317,27.36640276,7.9,12,percent cover,,,,,,,,,,
30-Doropoulos_et_al_2013,Doropoulos_et_al_2013,Doropoulos_et_al_2013_Lagoon1,Lagoon 1,Encrusting Fleshy,,,site + macroalgae functional group,Doropoulos et al.,2013,2008,August,Winter,1,Central Indo-Pacific,Ningaloo,3.9,Western Australia,Ningaloo Reef,Lagoon 1,-22.145052,113.860783,Y,4,7,1.75,tiles,,,0,5057.139667,g/100m2,50.571,,,,,,,,,,,,,,,,,,,,,,,,,,,,,,6.682,8.885420643,2.565,12,4.344,7.451282574,2.151,12,percent cover,encrusting fleshy,,,,,,,,,,,,,,,,,,,
30-Doropoulos_et_al_2013,Doropoulos_et_al_2013,Doropoulos_et_al_2013_Lagoon2,Lagoon 2,Foliose,,,site + macroalgae functional group,Doropoulos et al.,2013,2008,August,Winter,1,Central Indo-Pacific,Ningaloo,3.9,Western Australia,Ningaloo Reef,Lagoon 2,-22.145052,113.860783,Y,4,7,1.75,tiles,,,0,4611.058667,g/100m2,46.111,,,,,,,,,,,,,,,,,,,,16.894,68.33286846,19.726,12,6.17,6.332377752,1.828,12,percent cover,,6.623,23.12634238,6.676,12,10.334,22.17371444,6.401,12,percent cover,foliose,66.931,34.23918036,9.884,12,66.129,27.25555151,7.868,12,percent cover,,,,,,,,,,
30-Doropoulos_et_al_2013,Doropoulos_et_al_2013,Doropoulos_et_al_2013_Lagoon2,Lagoon 2,Encrusting Fleshy,,,site + macroalgae functional group,Doropoulos et al.,2013,2008,August,Winter,1,Central Indo-Pacific,Ningaloo,3.9,Western Australia,Ningaloo Reef,Lagoon 2,-22.145052,113.860783,Y,4,7,1.75,tiles,,,0,4611.058667,g/100m2,46.111,,,,,,,,,,,,,,,,,,,,,,,,,,,,,,3.673,3.36710677,0.972,12,3.671,5.521777975,1.594,12,percent cover,encrusting fleshy,,,,,,,,,,,,,,,,,,,
30-Doropoulos_et_al_2013,Doropoulos_et_al_2013,Doropoulos_et_al_2013_BackReef1,Back Reef 1,Foliose,,,site + macroalgae functional group,Doropoulos et al.,2013,2008,August,Winter,1,Central Indo-Pacific,Ningaloo,3.9,Western Australia,Ningaloo Reef,Back Reef 1,-22.145052,113.860783,Y,4,7,1.75,tiles,,,0,8127.061667,g/100m2,81.271,,,,,,,,,,,,,,,,,,,,62.688,66.97494063,19.334,12,21.898,25.5304289,7.37,12,percent cover,,0.638,2.345196793,0.677,12,20.979,32.70111925,9.44,12,percent cover,foliose,25.813,56.66577422,16.358,12,42.888,51.78831915,14.95,12,percent cover,,,,,,,,,,
30-Doropoulos_et_al_2013,Doropoulos_et_al_2013,Doropoulos_et_al_2013_BackReef1,Back Reef 1,Encrusting Fleshy,,,site + macroalgae functional group,Doropoulos et al.,2013,2008,August,Winter,1,Central Indo-Pacific,Ningaloo,3.9,Western Australia,Ningaloo Reef,Back Reef 1,-22.145052,113.860783,Y,4,7,1.75,tiles,,,0,8127.061667,g/100m2,81.271,,,,,,,,,,,,,,,,,,,,,,,,,,,,,,4.002,8.913133456,2.573,12,1.327,3.446781107,0.995,12,percent cover,encrusting fleshy,,,,,,,,,,,,,,,,,,,
30-Doropoulos_et_al_2013,Doropoulos_et_al_2013,Doropoulos_et_al_2013_BackReef2,Back Reef 2,Foliose,,,site + macroalgae functional group,Doropoulos et al.,2013,2008,August,Winter,1,Central Indo-Pacific,Ningaloo,3.9,Western Australia,Ningaloo Reef,Back Reef 2,-22.145052,113.860783,Y,4,7,1.75,tiles,,,0,8093.347667,g/100m2,80.933,,,,,,,,,,,,,,,,,,,,43.142,11.68095065,3.372,12,26.004,29.41022271,8.49,12,percent cover,,1.321,2.296699371,0.663,12,21.96,15.13465996,4.369,12,percent cover,foliose,51.481,11.22715333,3.241,12,33.212,28.76936391,8.305,12,percent cover,,,,,,,,,,
30-Doropoulos_et_al_2013,Doropoulos_et_al_2013,Doropoulos_et_al_2013_BackReef2,Back Reef 2,Encrusting Fleshy,,,site + macroalgae functional group,Doropoulos et al.,2013,2008,August,Winter,1,Central Indo-Pacific,Ningaloo,3.9,Western Australia,Ningaloo Reef,Back Reef 2,-22.145052,113.860783,Y,4,7,1.75,tiles,,,0,8093.347667,g/100m2,80.933,,,,,,,,,,,,,,,,,,,,,,,,,,,,,,1.666,2.147743001,0.62,12,5.341,9.744517843,2.813,12,percent cover,encrusting fleshy,,,,,,,,,,,,,,,,,,,
31-Rasher_et_al_2012,Rasher_et_al_2012,Rasher_et_al_2012_NoFishing,No Fishing,,Short (< 0.5 cm),,fisheries management + turf functional group,Rasher et al.,2012,2008,October,Spring,1,Central Indo-Pacific,Fiji Islands,8.4,Melanesia,Fiji,No Fishing,-18.216667,177.716667,Y,2,5.066666667,1.5,cinderblock,,not mentioned,0,NA,NA,NA,,,,,,,,,,,,,,,,,,,,100,0,0,10,61.204,38.26988424,12.102,10,percent cover,turf <0.5cm,0,0,0,10,19.474,23.73605612,7.506,10,percent cover,,31.078,19.80218271,6.262,10,6.066,15.94420396,5.042,10,percent cover,,,,,,,,,,
31-Rasher_et_al_2012,Rasher_et_al_2012,Rasher_et_al_2012_NoFishing,No Fishing,,Long (> 0.5 cm),,fisheries management + turf functional group,Rasher et al.,2012,2008,October,Spring,1,Central Indo-Pacific,Fiji Islands,8.4,Melanesia,Fiji,No Fishing,-18.216667,177.716667,Y,2,5.066666667,1.5,cinderblock,,,0,NA,NA,NA,,,,,,,,,,,,,,,,,,,,0.577,0,0,10,0.577,0,0,10,percent cover,turf >0.5cm,,,,,,,,,,,,,,,,,,,,,,,,,,,,,
31-Rasher_et_al_2012,Rasher_et_al_2012,Rasher_et_al_2012_Fishing,Fishing,,Short (< 0.5 cm),,fisheries management + turf functional group,Rasher et al.,2012,2008,October,Spring,1,Central Indo-Pacific,Fiji Islands,8.4,Melanesia,Fiji,Fishing Allowed,-18.216667,177.716667,N,2,5.066666667,1.5,cinderblock,,,0,NA,NA,NA,,,,,,,,,,,,,,,,,,,,100,0,0,10,76.355,31.82200009,10.063,10,percent cover,turf <0.5cm,0,0,0,10,16.357,20.1437087,6.37,10,percent cover,,28.386,29.99420361,9.485,10,0.45,0,0,10,percent cover,,,,,,,,,,
31-Rasher_et_al_2012,Rasher_et_al_2012,Rasher_et_al_2012_Fishing,Fishing,,Long (> 0.5 cm),,fisheries management + turf functional group,Rasher et al.,2012,2008,October,Spring,1,Central Indo-Pacific,Fiji Islands,8.4,Melanesia,Fiji,Fishing Allowed,-18.216667,177.716667,N,2,5.066666667,1.5,cinderblock,,,0,NA,NA,NA,,,,,,,,,,,,,,,,,,,,0.577,0,0,10,10.063,31.55953105,9.98,10,percent cover,turf >0.5cm,,,,,,,,,,,,,,,,,,,,,,,,,,,,,
33-McCauley_et_al_2010,McCauley_et_al_2010,McCauley_et_al_2010,Single Estimate,,,,none,McCauley et al.,2010,2007,July,Summer,1/3,Eastern Indo-Pacific,Line Islands,7.1,Polynesia,Palmyra Atoll,one site,5.866667,-162.066667,Y,1,4,13,tiles,,not mentioned,0,46.4,g/m2,46.4,1.375,0.7557909764,0.169,20,1.268,0.4114365079,0.092,20,count,top,,,,,,,,,,,,,,,,,,,,,,,,,,,,,,15.959,10.30380124,2.304,20,12.497,10.2993291,2.303,20,percent cover,,,,,,,,,,
34-McClanahan_et_al_2003,McClanahan_et_al_2003,McClanahan_et_al_2003,Single Estimate,,,,none,McClanahan et al.,2003,2001,May,Spring,7,Tropical Atlantic,Western Caribbean,11,Caribbean,Belize,one site,16.833333,-87.8,Y,1,1.633333333,2,dead coral plates,,"no conditioning, but the plates were scrubbed to be similar before deployment and they acknowledge that some CCA remained on them, covering approx 5%",0,19.25,g/m2,19.25,,,,,,,,,,,20.746,13.114,6.557,4,49.738,35.58,17.79,4,percent cover,,,,,,,,,,,,,,,,,,,,,,,,,,,,,,,,,,,,,,,
35-Hixon_Brostoff_1996,Hixon_and_Brostoff_1996,Hixon_and_Brostoff_1996,Single Estimate,,,,none,Hixon and Brostoff,1996,1980,September,Fall,17,Eastern Indo-Pacific,Hawaiian Islands,11.4,Polynesia,Hawaii,one site,21.43514874,-157.7896415,Y,1,12,5,natural + artificial plates,,not mentioned,0,NA,NA,NA,,,,,,,,,,,0.023,0,0,14,0.508,0.1384413233,0.037,14,biomass (g AFDM/50 cm2),,,,,,,,,,,,,,,,,,,,,,,,,,,,,,,,,,,,,,,
36-Puk_et_al_2020,Puk_et_al_2020_B,Puk_et_al_2020_B,Crowns,,,,microhabitat,Puk et al.,2020,2018,March,Spring,1,Central Indo-Pacific,West Caroline Islands,7.5,Micronesia,Palau,averaged sites,7.2795695,134.493014,N,2,1.25,7,tiles,crown,not mentioned,0,36.65,g/m2,36.65,,,,,,,,,,,,,,,,,,,,,,,,,,,,,,0.071,0.2546114687,0.049,27,0.194,0.6703036625,0.129,27,recruit density (per cm2),Lobophora,,,,,,,,,,,,,,,,,,,
36-Puk_et_al_2020,Puk_et_al_2020_B,Puk_et_al_2020_B,Large Crevices,,,,microhabitat,Puk et al.,2020,2018,March,Spring,1,Central Indo-Pacific,West Caroline Islands,7.5,Micronesia,Palau,averaged sites,7.2795695,134.493014,N,2,1.25,7,tiles,large crevice,not mentioned,0,36.65,g/m2,36.65,,,,,,,,,,,,,,,,,,,,,,,,,,,,,,0.07,0.3481422123,0.067,27,0.084,0.3377499075,0.065,27,recruit density (per cm2),Lobophora,,,,,,,,,,,,,,,,,,,
36-Puk_et_al_2020,Puk_et_al_2020_B,Puk_et_al_2020_B,Medium Crevices,,,,microhabitat,Puk et al.,2020,2018,March,Spring,1,Central Indo-Pacific,West Caroline Islands,7.5,Micronesia,Palau,averaged sites,7.2795695,134.493014,N,2,1.25,7,tiles,medium crevice,not mentioned,0,36.65,g/m2,36.65,,,,,,,,,,,,,,,,,,,,,,,,,,,,,,0.066,0.2805922308,0.054,27,0.029,0.135099963,0.026,27,recruit density (per cm2),Lobophora,,,,,,,,,,,,,,,,,,,
36-Puk_et_al_2020,Puk_et_al_2020_B,Puk_et_al_2020_B,Small Crevices,,,,microhabitat,Puk et al.,2020,2018,March,Spring,1,Central Indo-Pacific,West Caroline Islands,7.5,Micronesia,Palau,averaged sites,7.2795695,134.493014,N,2,1.25,7,tiles,small crevice,not mentioned,0,36.65,g/m2,36.65,,,,,,,,,,,,,,,,,,,,,,,,,,,,,,0.065,0.2857883832,0.055,27,0.013,0.08313843876,0.016,27,recruit density (per cm2),Lobophora,,,,,,,,,,,,,,,,,,,
37-Holbrook_et_al_2016,Holbrook_et_al_2016,Holbrook_et_al_2016,Single Estimate,,,,none,Holbrook et al.,2016,2010,July,Winter,2,Eastern Indo-Pacific,Society Islands,19.5,Polynesia,Moorea,one site,-17.464567,-149.81831,N,1,36,12,tiles,,"3 months conditioning in ocean, then brushed clean. No visible algae at the beginning of the experiment",0,33.44075,g/m2,33.44075,,,,,,,,,,,,,,,,,,,,,,,,,,,,,,0,0,0,10,54.283,33.91859018,10.726,10,dry weight (mg/cm2),,,,,,,,,,,,,,,,,,,,
38-Miller_et_al_1999,Miller_et_al_1999,Miller_et_al_1999,Single Estimate,,,,none,Miller et al.,1999,1997,July,Summer,2,Tropical Atlantic,Floridian,7.9,Caribbean,Florida Keys,one site,24.983333,-80.4,Y,1,2.5,6.5,tiles,,"10 weeks pre-conditioned uncaged in reef. Had visible turf and ""small germlings of frondose marcroalgae"" at the beginning of the experiment",2.5,23.943,g/m2,23.943,,,,,,,,,,,,,,,,,,,,31.125,27.95132081,7.217,15,52.406,17.28125169,4.462,15,percent cover,,0,0,0,15,15.375,11.47952264,2.964,15,percent cover,,,,,,,,,,,,,,,,,,,,
40-Hatcher_Larkum_1983,Hatcher_and_Larkum_1983,Hatcher_and_Larkum_1983_Lagoon,"Lagoon, November",,,,site + season,Hatcher and Larkum,1983,1980,November,Spring,1,Central Indo-Pacific, Central and Southern Great Barrier Reef,4.5,Great Barrier Reef,One Tree Reef,Lagoon,-20.5,151.1,N,1,0.5333333333,2.25,dead coral plates,,Left in situ for 6 months prior to manipulation to develop a natural epilithic algal community,6,13.00,g/m2,13.00,,,,,,,,,,,7.749,1.9,NA,4,9.799,0.412,NA,4,ash-free dry weight (mg/cm2),,,,,,,,,,,,,,,,,,,,,,,,,,,,,,,,,,,,,,,
40-Hatcher_Larkum_1983,Hatcher_and_Larkum_1983,Hatcher_and_Larkum_1983_Lagoon,"Lagoon, May",,,,site + season,Hatcher and Larkum,1983,1980,May,Fall,1,Central Indo-Pacific, Central and Southern Great Barrier Reef,4.5,Great Barrier Reef,One Tree Reef,Lagoon,-20.5,151.1,N,1,0.5333333333,2.25,dead coral plates,,,6,13.00,g/m2,13.00,,,,,,,,,,,5.276,0.261,NA,3,6.875,0.334,NA,3,ash-free dry weight (mg/cm2),,,,,,,,,,,,,,,,,,,,,,,,,,,,,,,,,,,,,,,
40-Hatcher_Larkum_1983,Hatcher_and_Larkum_1983,Hatcher_and_Larkum_1983_ReefSlope,"Reef Slope, November",,,,site + season,Hatcher and Larkum,1983,1980,November,Spring,1,Central Indo-Pacific, Central and Southern Great Barrier Reef,4.5,Great Barrier Reef,One Tree Reef,Reef Slope,-20.5,151.1,N,1,0.5333333333,10,dead coral plates,,,6,13.00,g/m2,13.00,,,,,,,,,,,7.137,0.304,NA,3,10.409,2.3,NA,3,ash-free dry weight (mg/cm2),,,,,,,,,,,,,,,,,,,,,,,,,,,,,,,,,,,,,,,
40-Hatcher_Larkum_1983,Hatcher_and_Larkum_1983,Hatcher_and_Larkum_1983_ReefSlope,"Reef Slope, May",,,,site + season,Hatcher and Larkum,1983,1980,May,Fall,1,Central Indo-Pacific, Central and Southern Great Barrier Reef,4.5,Great Barrier Reef,One Tree Reef,Reef Slope,-20.5,151.1,N,1,0.5333333333,10,dead coral plates,,,6,13.00,g/m2,13.00,,,,,,,,,,,7.011,0.987,NA,4,7.666,0.883,NA,4,ash-free dry weight (mg/cm2),,,,,,,,,,,,,,,,,,,,,,,,,,,,,,,,,,,,,,,
41-Trapon_et_al_2013,Trapon_et_al_2013,Trapon_et_al_2013_BackReef,Back Reef,,,,site + year,Trapon et al.,2013,2010,November,Spring,1,Central Indo-Pacific,Torres Strait Northern Great Barrier Reef,1.8,Great Barrier Reef,Lizard Island,Back Reef,-14.683333,145.466667,N,1,1,3,tiles,,preconditioned for 3 weeks on the reef flat,0.75,2.184,kg/250m2,8.736,,,,,,,,,,,,,,,,,,,,12.04,8.20294825,2.594,10,11.538,5.998840721,1.897,10,percent cover,,,,,,,,,,,,,,,,,,,,,,,,,,,,,,
41-Trapon_et_al_2013,Trapon_et_al_2013,Trapon_et_al_2013_ForeReef,Fore Reef,,,,site + year,Trapon et al.,2013,2011,November,Spring,1,Central Indo-Pacific,Torres Strait Northern Great Barrier Reef,1.8,Great Barrier Reef,Lizard Island,Fore Reef,-14.683333,145.466667,N,1,1,3,tiles,,,0.75,14.083,kg/250m2,56.332,,,,,,,,,,,,,,,,,,,,8.085,4.623249939,1.462,10,12.057,5.869187337,1.856,10,percent cover,,,,,,,,,,,,,,,,,,,,,,,,,,,,,,
42-Ferrari_et_al_2012,Ferrari_et_al_2012,Ferrari_et_al_2012,,Lobophora,,,macroalgae functional group,Ferrari et al.,2012,2008,December,Winter,12,Tropical Atlantic,Western Caribbean,11,Caribbean,Belize,Glovers Reef,16.833333,-87.8,Y,1,12,8,cleared patches of dead coral colonies,,"well yes, it is dead coral",,19.25,g/m2,19.25,,,,,,,,,,,,,,,,,,,,10.21,1.928348303,1.543,6,6.812,2.378254582,1.903,6,percent cover,,4.364,2.202041289,1.762,6,17.022,9.599250364,7.681,6,percent cover,Lobophora,,,,,,,,,,,,,,,,,,,
42-Ferrari_et_al_2012,Ferrari_et_al_2012,Ferrari_et_al_2012,,Halimeda,,,macroalgae functional group,Ferrari et al.,2012,2008,December,Winter,12,Tropical Atlantic,Western Caribbean,11,Caribbean,Belize,Glovers Reef,16.833333,-87.8,Y,1,12,8,cleared patches of dead coral colonies,,"well yes, it is dead coral",,19.25,g/m2,19.25,,,,,,,,,,,,,,,,,,,,,,,,,,,,,,3.169,1.196000859,0.957,6,17.494,6.387419426,5.111,6,percent cover,Halimeda,,,,,,,,,,,,,,,,,,,
42-Ferrari_et_al_2012,Ferrari_et_al_2012,Ferrari_et_al_2012,,Dictyota,,,macroalgae functional group,Ferrari et al.,2012,2008,December,Winter,12,Tropical Atlantic,Western Caribbean,11,Caribbean,Belize,Glovers Reef,16.833333,-87.8,Y,1,12,8,cleared patches of dead coral colonies,,"well yes, it is dead coral",,19.25,g/m2,19.25,,,,,,,,,,,,,,,,,,,,,,,,,,,,,,3.177,0.5386377955,0.431,6,1.535,2.029577215,1.624,6,percent cover,Dictyota,,,,,,,,,,,,,,,,,,,
42-Ferrari_et_al_2012,Ferrari_et_al_2012,Ferrari_et_al_2012,,Other,,,macroalgae functional group,Ferrari et al.,2012,2008,December,Winter,12,Tropical Atlantic,Western Caribbean,11,Caribbean,Belize,Glovers Reef,16.833333,-87.8,Y,1,12,8,cleared patches of dead coral colonies,,"well yes, it is dead coral",,19.25,g/m2,19.25,,,,,,,,,,,,,,,,,,,,,,,,,,,,,,15.297,3.140595777,2.513,6,25.708,9.864195173,7.893,6,percent cover,Other,,,,,,,,,,,,,,,,,,,
45_McDevittIrwin_et_al_2023,McDevittIrwin_et_al_2023,McDevittIrwin_et_al_2023,,,,,,McDevitt-Irwin et al.,2023,2013,July,Summer,2,Eastern Indo-Pacific,Line Islands,7.1,Polynesia,Palmyra Atoll,averaged sites,5.866667,-162.066667,Y,3,36,12.2,tiles,,not mentioned,,46.4,g/m2,46.4,,,,,,,,,,,,,,,,,,,,0.199,0.159,NA,71,0.279,0.285,NA,67,percent cover,,0.351,0.258,NA,71,0.415,0.276,NA,67,percent cover,,0.345,0.207,NA,71,0.202,0.164,NA,67,percent cover,0.017,0.08,NA,71,0.015,0.085,NA,67,percent cover,
46-McDevittIrwin_et_al_inreview,McDevittIrwin_et_al_inreview,McDevittIrwin_et_al_inreview,,,,,,McDevitt-Irwin et al.,,2013,July,Summer,3,Eastern Indo-Pacific,Line Islands,7.1,Polynesia,Palmyra Atoll,averaged sites,5.866667,-162.066667,Y,3,36,12.2,tiles,,not mentioned,,46.4,g/m2,46.4,0.366,0.914,NA,71,0.515,0.996,NA,66,count,top and sides,,,,,,,,,,,,,,,,,,,,,,,,,,,,,,,,,,,,,,,,,,,,,,,,